0.07716,0.07648,0.07622,0.0762,0.07637,0.11664,0.1176,0.11829,0.11847,0.17852,0.1782,0.17756,0.177,0.17637,0.17604,0.11601,0.11684,0.12076,0.12102,0.12037,0.12024,0.11862,0.07697,0.07604
0.07453,0.07393,0.07332,0.07319,0.07454,0.11557,0.11792,0.1191,0.11848,0.17863,0.17907,0.17867,0.17796,0.17737,0.17702,0.11677,0.11776,0.121,0.12075,0.11942,0.11959,0.11834,0.07709,0.07617
0.07658,0.07577,0.07527,0.07523,0.0754,0.11573,0.11688,0.11819,0.11986,0.17968,0.1806,0.17973,0.17849,0.17781,0.17709,0.11696,0.11795,0.12033,0.11985,0.11917,0.11811,0.11703,0.0749,0.07197
0.07252,0.06828,0.0639,0.06342,0.06274,0.10373,0.10671,0.11083,0.11244,0.1729,0.17341,0.1738,0.1736,0.17322,0.17332,0.1137,0.11472,0.11758,0.11769,0.11751,0.11728,0.11633,0.07493,0.07284
0.07178,0.07171,0.07149,0.07226,0.07322,0.11552,0.11929,0.12106,0.11998,0.18042,0.18086,0.18033,0.17986,0.179,0.17877,0.11843,0.12046,0.13593,0.13329,0.1314,0.12955,0.12483,0.0796,0.07757
0.07905,0.07911,0.0789,0.07897,0.07921,0.1203,0.13086,0.13128,0.12857,0.18639,0.18634,0.18523,0.18351,0.18239,0.18122,0.12114,0.12207,0.13272,0.13082,0.12673,0.12559,0.12173,0.08033,0.07905
0.0796,0.07913,0.07935,0.07907,0.07951,0.12181,0.13872,0.145,0.14056,0.19636,0.20099,0.19366,0.1913,0.18642,0.18477,0.12583,0.12857,0.15268,0.17221,0.17454,0.15849,0.14856,0.094,0.08693
0.08496,0.084,0.08455,0.08566,0.08874,0.14242,0.16076,0.18692,0.17082,0.2166,0.20507,0.20184,0.19233,0.18925,0.18726,0.12689,0.13102,0.14994,0.15199,0.14536,0.13809,0.13419,0.08418,0.0813
0.08151,0.0809,0.08055,0.08054,0.08105,0.12592,0.14276,0.159,0.15164,0.20839,0.20622,0.19678,0.1898,0.18623,0.18579,0.12512,0.12699,0.16748,0.16291,0.15326,0.15155,0.13868,0.09415,0.08548
0.08585,0.08428,0.08394,0.08391,0.08435,0.12543,0.13105,0.13688,0.14769,0.20655,0.19944,0.19308,0.18797,0.18439,0.18268,0.1224,0.12653,0.14026,0.13565,0.13853,0.13637,0.13157,0.08982,0.08291
0.08102,0.08094,0.08054,0.08,0.07945,0.1193,0.12,0.1226,0.12224,0.18196,0.18065,0.17991,0.17917,0.17862,0.17811,0.11815,0.11909,0.12214,0.12306,0.12201,0.12141,0.11998,0.07924,0.07776
0.07928,0.07893,0.07886,0.07843,0.07909,0.12008,0.12588,0.13365,0.12947,0.1918,0.19157,0.19082,0.18743,0.18595,0.18508,0.12507,0.12599,0.13569,0.13542,0.13321,0.13025,0.12623,0.08275,0.08009
0.07928,0.07868,0.07879,0.07868,0.07931,0.12171,0.13133,0.13437,0.13432,0.19396,0.19421,0.19346,0.19092,0.18928,0.18853,0.12836,0.13061,0.14929,0.15083,0.14436,0.13668,0.13323,0.0891,0.08507
0.08568,0.08354,0.08319,0.08301,0.08397,0.12593,0.14158,0.16267,0.1414,0.19665,0.19712,0.1949,0.19122,0.1883,0.18704,0.12717,0.12948,0.14723,0.15195,0.14125,0.13605,0.13239,0.08642,0.08503
0.08454,0.08323,0.08301,0.08281,0.08403,0.12847,0.15935,0.16386,0.14374,0.20786,0.20238,0.19628,0.18917,0.18738,0.18606,0.12566,0.12786,0.14378,0.14206,0.13792,0.13463,0.12924,0.08362,0.07963
0.07889,0.07834,0.07834,0.07842,0.07882,0.12052,0.1309,0.14323,0.13265,0.19322,0.19195,0.1911,0.18798,0.18537,0.18366,0.12331,0.12353,0.13144,0.13387,0.13134,0.1313,0.12829,0.08229,0.08017
0.08064,0.0796,0.07952,0.07891,0.07881,0.12006,0.12352,0.1243,0.12628,0.18695,0.18686,0.18231,0.17992,0.17871,0.17809,0.11786,0.11904,0.12443,0.1263,0.12345,0.12226,0.12003,0.07818,0.07708
0.07645,0.07598,0.07548,0.07512,0.07512,0.11534,0.11568,0.1164,0.11696,0.17771,0.17757,0.17735,0.17728,0.17724,0.17705,0.11707,0.11778,0.12084,0.12113,0.1201,0.11981,0.11858,0.0771,0.07654
0.07568,0.07528,0.07497,0.0749,0.07547,0.11667,0.11853,0.11982,0.12057,0.18146,0.18124,0.17932,0.17868,0.17839,0.17819,0.11808,0.11903,0.12342,0.12698,0.12406,0.12272,0.11991,0.0778,0.07673
0.07581,0.07561,0.07531,0.07515,0.0758,0.11738,0.11842,0.1256,0.12318,0.18264,0.1821,0.17948,0.17856,0.17862,0.17894,0.11862,0.1194,0.12375,0.12483,0.12445,0.12327,0.12083,0.07843,0.07663
0.07612,0.07552,0.07548,0.07562,0.07593,0.11758,0.12327,0.12973,0.12572,0.18552,0.18511,0.18266,0.18079,0.1801,0.17924,0.11924,0.12054,0.12874,0.1297,0.12538,0.12485,0.12017,0.07824,0.07671
0.07629,0.07618,0.07601,0.07604,0.07623,0.118,0.12378,0.12867,0.12379,0.18226,0.18214,0.18079,0.17992,0.17961,0.17927,0.11912,0.11987,0.12803,0.12806,0.12735,0.12546,0.12296,0.07886,0.07733
0.07652,0.07607,0.0758,0.07579,0.07653,0.11811,0.12489,0.13542,0.12427,0.18326,0.18302,0.18113,0.17965,0.17892,0.17835,0.11808,0.11864,0.12217,0.12195,0.1219,0.12022,0.11898,0.07765,0.076
0.07764,0.07699,0.07689,0.0767,0.07671,0.1171,0.11816,0.11992,0.12377,0.18651,0.18636,0.18495,0.18032,0.17906,0.1781,0.11791,0.11871,0.1236,0.12243,0.1207,0.11989,0.11857,0.07748,0.07627
0.07684,0.07644,0.0761,0.07605,0.07617,0.1168,0.11685,0.11743,0.11857,0.17914,0.17925,0.179,0.17844,0.17801,0.17773,0.11766,0.11855,0.12472,0.12616,0.12559,0.12333,0.12131,0.0791,0.07748
0.07643,0.07588,0.07577,0.0758,0.07625,0.11793,0.12191,0.12914,0.12927,0.19068,0.18904,0.18664,0.18459,0.18319,0.1825,0.12193,0.12432,0.13593,0.14127,0.13314,0.13048,0.12571,0.08103,0.07859
0.07843,0.07808,0.07823,0.07833,0.07887,0.11966,0.124,0.13322,0.12721,0.19051,0.19393,0.19038,0.18457,0.18385,0.18244,0.12129,0.12243,0.1357,0.14702,0.13721,0.1328,0.12514,0.08192,0.07933
0.07941,0.07929,0.07933,0.07932,0.07982,0.12225,0.1417,0.15664,0.13604,0.18837,0.18427,0.18245,0.18177,0.18056,0.17991,0.11964,0.12061,0.12768,0.12978,0.12655,0.12476,0.12246,0.08038,0.07849
0.0782,0.07775,0.0777,0.07776,0.0784,0.11927,0.13486,0.14158,0.12509,0.18306,0.18327,0.18126,0.17961,0.17888,0.17854,0.11843,0.11888,0.12078,0.12272,0.12199,0.12037,0.11923,0.07809,0.07655
0.07545,0.07548,0.07516,0.07556,0.07644,0.1172,0.11982,0.1262,0.12483,0.18485,0.18755,0.18568,0.1826,0.18201,0.18123,0.12074,0.12139,0.13214,0.14199,0.13678,0.1317,0.1257,0.08213,0.07836
0.08157,0.08123,0.08021,0.07959,0.07981,0.12135,0.1242,0.12827,0.12897,0.18841,0.18607,0.18403,0.18118,0.17978,0.17848,0.11829,0.11853,0.12353,0.12358,0.1228,0.12235,0.12152,0.08014,0.07816
0.08019,0.07948,0.07886,0.0789,0.07925,0.11959,0.1203,0.12129,0.1222,0.18233,0.18218,0.1809,0.18037,0.17996,0.1792,0.11845,0.12013,0.1241,0.12345,0.12256,0.1215,0.12048,0.07941,0.0773
0.0752496,0.0746528,0.0742977,0.0745371,0.0748387,0.1163493,0.1212437,0.1284861,0.1287842,0.1899627,0.1899266,0.1900961,0.1876346,0.1854005,0.1840597,0.1236988,0.1331055,0.1421009,0.1661531,0.1581052,0.1504642,0.1356674,0.0890606,0.0817052
0.07858,0.07841,0.07824,0.07861,0.07912,0.12243,0.13824,0.15728,0.13643,0.18776,0.18842,0.18644,0.18543,0.18721,0.18256,0.12148,0.1208,0.12612,0.13158,0.13015,0.12818,0.1219,0.07976,0.07682
0.07629,0.07597,0.07562,0.07551,0.07603,0.11777,0.1223,0.12566,0.1239,0.18407,0.18351,0.18126,0.18029,0.17971,0.17872,0.11809,0.11895,0.12143,0.12504,0.12407,0.12185,0.1203,0.07761,0.07607
0.07651,0.07611,0.07608,0.07641,0.07716,0.11879,0.12376,0.12903,0.12967,0.19344,0.193,0.193,0.19127,0.18915,0.18724,0.126,0.12758,0.13546,0.14914,0.14637,0.14692,0.13257,0.08653,0.08101
0.08047,0.07981,0.07958,0.07962,0.08008,0.1231,0.14807,0.15412,0.1297,0.18457,0.18417,0.18304,0.18211,0.18143,0.18015,0.11957,0.12032,0.12145,0.12271,0.12207,0.12159,0.12092,0.07918,0.07681
0.07718,0.07618,0.07602,0.07625,0.07601,0.11768,0.12007,0.11973,0.12101,0.18052,0.17959,0.17782,0.17631,0.17584,0.17549,0.11537,0.11551,0.11692,0.11973,0.1189,0.1178,0.11659,0.0753,0.07435
0.07291,0.07219,0.07174,0.07128,0.07112,0.11191,0.11264,0.113,0.11459,0.17512,0.17504,0.17442,0.17429,0.17449,0.17387,0.11376,0.11439,0.11612,0.11686,0.11646,0.11605,0.11545,0.07452,0.07275
0.07106,0.06983,0.07059,0.07075,0.07148,0.11409,0.11775,0.1189,0.1196,0.18036,0.18068,0.18038,0.18163,0.18164,0.18099,0.11925,0.11929,0.1206,0.12642,0.12626,0.12247,0.12078,0.07775,0.07628
0.07703,0.07648,0.07645,0.07649,0.07701,0.11895,0.12595,0.13194,0.1305,0.19081,0.19,0.18632,0.18349,0.18286,0.18196,0.12123,0.12167,0.12793,0.13864,0.13066,0.13045,0.12355,0.08024,0.0781
0.0784,0.07793,0.07873,0.07847,0.07959,0.12073,0.13262,0.14251,0.13237,0.19317,0.18834,0.18484,0.18312,0.18256,0.18192,0.12139,0.12193,0.12357,0.12715,0.12612,0.12479,0.12262,0.08031,0.07863
0.08073,0.08038,0.08,0.07981,0.08056,0.12198,0.12792,0.12921,0.13162,0.19556,0.19305,0.19175,0.18968,0.18774,0.18698,0.12616,0.12661,0.12735,0.14572,0.14821,0.14577,0.1366,0.08632,0.08385
0.08204,0.08164,0.08164,0.08147,0.08248,0.12743,0.14481,0.16973,0.15186,0.20414,0.19924,0.1944,0.1902,0.18689,0.18556,0.1249,0.1254,0.12945,0.14621,0.1337,0.13058,0.12591,0.08389,0.08293
0.0798489,0.0798061,0.0790583,0.078804,0.0789639,0.11914,0.1211293,0.1232455,0.1251297,0.184806,0.1838153,0.1819475,0.1814438,0.1803944,0.1798942,0.1199022,0.1201652,0.1232792,0.1312987,0.1279661,0.1250622,0.1240083,0.0826989,0.0806013
0.07889,0.07929,0.07963,0.07913,0.07998,0.12173,0.1258,0.12862,0.13164,0.19329,0.19501,0.19249,0.19321,0.19126,0.18764,0.12852,0.12831,0.13657,0.15362,0.15682,0.15244,0.13823,0.097,0.08691
0.08857,0.08773,0.08844,0.08815,0.09005,0.13288,0.14558,0.17263,0.16664,0.21221,0.21867,0.21321,0.20163,0.1989,0.19485,0.13244,0.13093,0.14418,0.17073,0.16875,0.15074,0.14275,0.09975,0.0875
0.08332,0.08141,0.08291,0.08353,0.08573,0.13023,0.14167,0.15258,0.15467,0.21292,0.21255,0.20241,0.20162,0.19286,0.19051,0.12899,0.13024,0.13548,0.15844,0.15603,0.14211,0.13616,0.08846,0.08206
0.08766,0.08501,0.08509,0.08782,0.08936,0.13778,0.15894,0.16378,0.16316,0.21565,0.21319,0.20628,0.19893,0.19689,0.19433,0.1349,0.13756,0.14639,0.21248,0.20561,0.18939,0.15318,0.109,0.10339
0.10539,0.10398,0.10516,0.10574,0.10919,0.21577,0.24709,0.32792,0.30272,0.3424,0.38079,0.36399,0.30318,0.29057,0.27649,0.21996,0.24873,0.26572,0.43298,0.40543,0.33967,0.27124,0.2,0.17171
0.11997,0.11866,0.11651,0.11741,0.12141,0.16951,0.27965,0.32609,0.27904,0.26841,0.26071,0.25383,0.22857,0.21247,0.20182,0.13781,0.14116,0.14638,0.16672,0.18043,0.15174,0.14188,0.09875,0.08831
0.13748,0.11097,0.10924,0.1044,0.10575,0.15197,0.15711,0.16327,0.18998,0.24982,0.23381,0.21681,0.20758,0.20172,0.19377,0.13289,0.1343,0.14093,0.15667,0.14265,0.13578,0.1288,0.08515,0.0806
0.08059,0.07961,0.07903,0.078,0.078,0.11907,0.11963,0.11989,0.12225,0.18387,0.18353,0.1837,0.184,0.18301,0.18235,0.12154,0.12264,0.12479,0.15572,0.16554,0.14145,0.13046,0.08511,0.08275
0.09054,0.08636,0.0886,0.09375,0.10195,0.16474,0.20071,0.2357,0.23399,0.30044,0.33967,0.31498,0.30355,0.28803,0.27094,0.21308,0.21158,0.21869,0.34533,0.33319,0.29296,0.21179,0.15597,0.1396
0.10502,0.10118,0.10026,0.10384,0.10951,0.15557,0.18174,0.19263,0.18496,0.2342,0.23234,0.22018,0.20517,0.20043,0.19399,0.13329,0.13525,0.13753,0.15328,0.16317,0.15378,0.14162,0.09101,0.08618
0.08704,0.08511,0.08719,0.08475,0.08647,0.13306,0.14632,0.17018,0.16799,0.22509,0.22481,0.2213,0.2158,0.20157,0.19922,0.13879,0.14128,0.15544,0.18989,0.17503,0.17608,0.15647,0.09266,0.08725
0.08764,0.08585,0.08539,0.08555,0.08647,0.13268,0.15155,0.15983,0.16845,0.22542,0.2236,0.21805,0.20983,0.20681,0.1985,0.13669,0.14733,0.16048,0.17507,0.19468,0.1645,0.15587,0.11694,0.09627
0.08918,0.08648,0.08537,0.08623,0.09135,0.14097,0.18386,0.19019,0.18845,0.23328,0.2244,0.21712,0.21787,0.21645,0.20116,0.13785,0.14616,0.14751,0.18326,0.19761,0.17863,0.16462,0.13096,0.11508
0.13052,0.11062,0.0976,0.09774,0.09384,0.13546,0.14154,0.14646,0.16953,0.22945,0.21696,0.2096,0.2011,0.18926,0.18559,0.12508,0.12664,0.13431,0.1517,0.15019,0.14021,0.13373,0.08864,0.08515
0.08674,0.08262,0.08177,0.08072,0.07882,0.12017,0.12,0.11965,0.1228,0.1858,0.1846,0.18294,0.18154,0.18008,0.17897,0.11858,0.11952,0.12108,0.12597,0.1247,0.12135,0.11949,0.07716,0.07589
0.07582,0.07519,0.0746,0.07488,0.07566,0.11744,0.11982,0.12569,0.12615,0.1915,0.19867,0.1948,0.19188,0.18767,0.18429,0.12347,0.12245,0.1269,0.15701,0.1586,0.15957,0.1423,0.08851,0.07929
0.08291,0.08102,0.08058,0.0803,0.08005,0.12398,0.13904,0.13968,0.13539,0.19482,0.19505,0.19498,0.19255,0.19147,0.18931,0.12912,0.13069,0.13192,0.13474,0.13441,0.13273,0.13113,0.0879,0.08563
0.0766,0.07557,0.07514,0.07483,0.07529,0.11672,0.12187,0.12512,0.12593,0.18914,0.19166,0.19044,0.18559,0.18434,0.18272,0.12211,0.12357,0.13139,0.14786,0.14566,0.14037,0.13207,0.08239,0.07865
0.08166,0.08,0.08001,0.08022,0.08262,0.12816,0.161,0.17224,0.18317,0.25554,0.27786,0.26406,0.25678,0.24997,0.24023,0.16833,0.17003,0.18945,0.23168,0.24773,0.20968,0.19992,0.14274,0.1285
0.12424,0.11058,0.11325,0.11588,0.12569,0.18568,0.2584,0.2814,0.24051,0.27011,0.25627,0.24044,0.21908,0.21428,0.2094,0.14343,0.14627,0.15353,0.18534,0.1817,0.16815,0.15535,0.10483,0.09139
0.051,0.051,0.051,0.051,0.051,0.091,0.091,0.091,0.091,0.151,0.151,0.151,0.151,0.151,0.151,0.091,0.091,0.091,0.091,0.091,0.091,0.091,0.051,0.051
0.07828,0.07735,0.051,0.077,0.07709,0.11773,0.11848,0.11912,0.12007,0.18109,0.17995,0.17939,0.17885,0.17822,0.17768,0.11716,0.11749,0.11859,0.12086,0.13519,0.14302,0.12305,0.07951,0.07834
0.07701,0.07657,0.07678,0.07678,0.07769,0.11911,0.12802,0.1458,0.14139,0.2036,0.20787,0.19371,0.18833,0.18535,0.18399,0.12346,0.12064,0.12136,0.12352,0.1363,0.13436,0.12465,0.08043,0.07836
0.07578,0.07506,0.07503,0.07497,0.07548,0.1167,0.12744,0.137,0.12875,0.18778,0.18808,0.18544,0.18328,0.18152,0.18024,0.11966,0.1204,0.12123,0.12256,0.13083,0.12793,0.11929,0.07725,0.07539
0.07441,0.07286,0.07243,0.07242,0.07291,0.11534,0.12378,0.13074,0.12422,0.18463,0.18438,0.18363,0.18124,0.17986,0.17886,0.11801,0.11824,0.11889,0.1206,0.12851,0.12634,0.11995,0.07683,0.07511
0.07529,0.0745,0.07429,0.07437,0.07527,0.11766,0.13636,0.1479,0.13242,0.18984,0.18796,0.18418,0.18217,0.18072,0.17942,0.11856,0.1189,0.11966,0.12127,0.13284,0.12841,0.12214,0.07878,0.07686
0.076191,0.0755793,0.0755764,0.0758422,0.0769317,0.1196609,0.1423315,0.1572224,0.1337447,0.1916005,0.1885023,0.1860856,0.1846092,0.1826767,0.1809329,0.1193411,0.1193872,0.1193163,0.1196761,0.1271512,0.1241694,0.1205485,0.0778242,0.0755309
0.07568,0.07541,0.07413,0.07314,0.07315,0.11384,0.11499,0.117,0.11903,0.18098,0.1807,0.18009,0.17863,0.17725,0.17644,0.11577,0.11589,0.11615,0.11705,0.11904,0.11881,0.11778,0.07615,0.07335
0.07431,0.07259,0.07155,0.07209,0.07268,0.11401,0.11484,0.11622,0.11712,0.17877,0.17887,0.1779,0.17739,0.17656,0.17621,0.11607,0.11651,0.11735,0.11982,0.13337,0.12549,0.12002,0.07709,0.0763
0.07556,0.07495,0.07432,0.07481,0.07536,0.11749,0.13136,0.14405,0.13219,0.19336,0.19009,0.18741,0.18447,0.18222,0.18054,0.1193,0.11954,0.11917,0.12049,0.12848,0.12557,0.11953,0.07616,0.07519
0.07169,0.07035,0.06994,0.06981,0.07164,0.11542,0.12411,0.12661,0.12374,0.18385,0.18519,0.18515,0.18424,0.18245,0.1804,0.11977,0.12129,0.12274,0.12534,0.14057,0.13848,0.12753,0.07901,0.07814
0.07887,0.07777,0.07754,0.07765,0.07897,0.12538,0.16817,0.19047,0.15661,0.2075,0.20191,0.19863,0.19291,0.1872,0.18335,0.12216,0.12231,0.12361,0.12861,0.14925,0.14518,0.13229,0.08275,0.08057
0.07851,0.07788,0.07763,0.07804,0.07884,0.12324,0.16374,0.19351,0.1537,0.20904,0.20661,0.19811,0.19339,0.19049,0.18685,0.12543,0.12314,0.12464,0.12792,0.1447,0.14089,0.13297,0.0825,0.07989
0.0806882,0.0797275,0.0795248,0.0794321,0.0790963,0.1226274,0.1453094,0.1572742,0.1507354,0.2143495,0.2086072,0.203047,0.1973748,0.1947099,0.1925406,0.1311688,0.1245753,0.1239261,0.1254855,0.1323736,0.129555,0.1237914,0.0801512,0.0775932
0.07849,0.07766,0.07701,0.07651,0.07714,0.11817,0.1193,0.12179,0.12339,0.18537,0.18402,0.18131,0.17986,0.17885,0.17744,0.11673,0.11661,0.11697,0.11833,0.12122,0.12211,0.12021,0.0782,0.07607
0.07591,0.07574,0.07542,0.0754,0.07552,0.11611,0.11813,0.11929,0.12077,0.18255,0.18245,0.18146,0.18004,0.1794,0.17886,0.11849,0.11869,0.11941,0.12184,0.13904,0.14199,0.13128,0.08162,0.07963
0.0786459,0.0782736,0.0777487,0.0782463,0.0793068,0.1260042,0.1571295,0.1860559,0.1608788,0.2153802,0.2071236,0.2035389,0.1994417,0.1984308,0.1932073,0.1305275,0.1241783,0.1271695,0.1275711,0.1504783,0.1521446,0.1347645,0.0858826,0.0808733
0.0801,0.07926,0.07885,0.07925,0.0796,0.1253,0.1579,0.18034,0.14245,0.19717,0.19516,0.19035,0.18735,0.18568,0.18289,0.12176,0.12133,0.12149,0.12239,0.14032,0.13193,0.12342,0.08017,0.07838
0.07792,0.07749,0.07698,0.07737,0.07775,0.12051,0.1315,0.1403,0.1309,0.18912,0.18788,0.1847,0.18457,0.18334,0.18218,0.12174,0.12195,0.12151,0.12177,0.12746,0.12746,0.1219,0.0787,0.07688
0.07639,0.07574,0.07521,0.07505,0.07619,0.11863,0.12562,0.13222,0.12904,0.19043,0.19023,0.18729,0.18556,0.18495,0.18275,0.12205,0.12188,0.12112,0.12157,0.12786,0.12717,0.12283,0.07834,0.07708
0.07671,0.07633,0.07597,0.07611,0.07658,0.11932,0.13325,0.14028,0.13443,0.19585,0.19772,0.19656,0.19332,0.18945,0.18654,0.12374,0.12238,0.12251,0.12402,0.138,0.13599,0.13056,0.085,0.08028
0.0823,0.08225,0.08114,0.08079,0.08161,0.12364,0.12751,0.13085,0.14238,0.20649,0.20674,0.19892,0.18757,0.18403,0.1831,0.12174,0.122,0.12248,0.12313,0.13815,0.14422,0.13117,0.08542,0.08177
0.08486,0.08371,0.08198,0.08196,0.08203,0.12242,0.12593,0.12738,0.13014,0.18679,0.1848,0.18175,0.18093,0.18016,0.17903,0.1178,0.11787,0.11862,0.11922,0.1247,0.12592,0.12175,0.07917,0.07837
0.07762,0.07648,0.0762,0.07625,0.07745,0.11886,0.13024,0.13725,0.12872,0.18873,0.18709,0.18583,0.18328,0.18212,0.18041,0.11945,0.11915,0.11919,0.11948,0.1266,0.12762,0.12228,0.07861,0.0771
0.07602,0.07522,0.075,0.07487,0.07596,0.11835,0.13141,0.13494,0.12746,0.18789,0.18796,0.18616,0.1842,0.18248,0.18121,0.12033,0.12015,0.12048,0.12087,0.13357,0.1383,0.12235,0.07863,0.07683
0.07547,0.07473,0.07448,0.07476,0.0756,0.11884,0.13253,0.13494,0.12721,0.18614,0.18593,0.18576,0.18297,0.18237,0.18116,0.11999,0.11931,0.11979,0.11984,0.12645,0.1286,0.12144,0.07876,0.07586
0.07425,0.07369,0.07332,0.07315,0.0746,0.11829,0.12874,0.13187,0.1235,0.18202,0.18226,0.18118,0.18048,0.18023,0.17937,0.11856,0.11815,0.11864,0.11814,0.12367,0.12531,0.11968,0.07674,0.07459
0.07235,0.07174,0.07036,0.06995,0.0707,0.11349,0.11834,0.1197,0.12077,0.18148,0.18198,0.18315,0.18174,0.18129,0.18059,0.11926,0.11887,0.11807,0.1178,0.12018,0.12113,0.11802,0.07601,0.07377
0.07437,0.07261,0.07269,0.07261,0.07243,0.11285,0.11484,0.11625,0.11934,0.18115,0.18094,0.18016,0.17864,0.17755,0.17663,0.11631,0.11625,0.11663,0.11681,0.12389,0.12582,0.12267,0.07794,0.0764
0.07399,0.07365,0.07273,0.07272,0.07221,0.11303,0.11408,0.11581,0.11777,0.17811,0.17697,0.17568,0.17525,0.17426,0.17365,0.11372,0.11369,0.11412,0.11454,0.1176,0.1192,0.11731,0.07546,0.07353
0.0727,0.07185,0.071,0.07127,0.07289,0.11561,0.12396,0.12479,0.12275,0.18385,0.18546,0.18518,0.1853,0.18485,0.18332,0.12154,0.12128,0.12049,0.11965,0.12344,0.13726,0.12198,0.07706,0.07475
0.0729,0.07253,0.07089,0.07078,0.0726,0.11496,0.12159,0.12276,0.12291,0.18763,0.19109,0.19059,0.19079,0.19064,0.18717,0.12537,0.12365,0.12205,0.12074,0.12653,0.138,0.12127,0.07683,0.07521
0.07516,0.07344,0.07256,0.07279,0.07388,0.1165,0.12574,0.12472,0.12706,0.18992,0.19662,0.19644,0.19315,0.19464,0.19086,0.12736,0.12458,0.12354,0.12284,0.12734,0.13942,0.12424,0.0787,0.07575
0.07552,0.0751,0.0742,0.07387,0.07497,0.1168,0.1267,0.12484,0.12458,0.18672,0.18951,0.18787,0.1876,0.18763,0.1866,0.1241,0.12504,0.12405,0.12152,0.13037,0.13554,0.12476,0.07757,0.07572
0.07382,0.07196,0.07149,0.07147,0.07212,0.11451,0.12807,0.12165,0.12161,0.1814,0.1808,0.18059,0.18133,0.18141,0.18167,0.12048,0.12058,0.11931,0.1192,0.12391,0.12592,0.12126,0.07747,0.07588
0.07649,0.07507,0.0741,0.07356,0.07524,0.11679,0.11851,0.1199,0.12417,0.18931,0.18939,0.18451,0.18282,0.1804,0.17912,0.11787,0.1178,0.11804,0.11858,0.12578,0.13319,0.12412,0.07839,0.0769
0.07582,0.07538,0.07437,0.07425,0.07467,0.11548,0.11716,0.11746,0.11919,0.17989,0.17942,0.1779,0.17734,0.17659,0.17621,0.11609,0.11683,0.11697,0.11686,0.12299,0.13506,0.12244,0.07621,0.07569
0.07549,0.0749,0.07453,0.07437,0.07512,0.11817,0.13228,0.12979,0.12767,0.18697,0.18859,0.18756,0.19105,0.1934,0.19232,0.13027,0.13101,0.12613,0.1228,0.13006,0.14198,0.12946,0.08114,0.07739
0.07472,0.07404,0.07231,0.07314,0.07428,0.11601,0.13291,0.12938,0.12891,0.18993,0.19179,0.19055,0.18942,0.18936,0.18532,0.12378,0.12322,0.12235,0.12114,0.12644,0.13785,0.12306,0.07806,0.07553
0.0765736,0.0760034,0.0749486,0.0752759,0.0763104,0.119871,0.1299907,0.1288467,0.126673,0.1865942,0.1907428,0.1873399,0.1868533,0.1872428,0.1848567,0.1233334,0.1234822,0.1231172,0.122576,0.1254798,0.1367411,0.1235255,0.079592,0.0769597
0.07705,0.07629,0.07531,0.07542,0.07725,0.11899,0.13982,0.13605,0.12981,0.18992,0.19208,0.18939,0.19039,0.19139,0.187,0.12522,0.12556,0.12412,0.12327,0.1253,0.14431,0.127,0.08036,0.07767
0.07752,0.07701,0.07558,0.07541,0.07673,0.11883,0.13067,0.1257,0.12528,0.18736,0.18886,0.18967,0.18885,0.18928,0.187,0.12773,0.12583,0.1234,0.12104,0.1221,0.1309,0.1226,0.07832,0.078
0.07867,0.07877,0.07735,0.07688,0.07707,0.11841,0.12,0.11963,0.12427,0.18815,0.18649,0.18687,0.18658,0.18581,0.18789,0.12923,0.13163,0.12996,0.12235,0.12627,0.14507,0.12597,0.0809,0.07936
0.07683,0.07618,0.07391,0.0717,0.07193,0.11428,0.11633,0.11666,0.11801,0.17951,0.17976,0.18002,0.18026,0.1802,0.17906,0.1189,0.11959,0.12054,0.12041,0.12921,0.14718,0.12476,0.07959,0.07805
0.07691,0.07594,0.07494,0.07557,0.07769,0.12031,0.13474,0.12996,0.13184,0.19702,0.19897,0.20164,0.20287,0.20364,0.19994,0.13576,0.13544,0.12985,0.12702,0.13108,0.14862,0.12754,0.08088,0.07846
0.07688,0.07557,0.07494,0.07447,0.07582,0.11896,0.12797,0.12718,0.12754,0.18773,0.18949,0.18925,0.18697,0.18643,0.18568,0.12506,0.12524,0.12417,0.12258,0.12514,0.14306,0.12542,0.0797,0.07633
0.07896,0.07816,0.07672,0.07629,0.07747,0.11965,0.13559,0.13169,0.12835,0.18993,0.1935,0.19154,0.18892,0.18882,0.18614,0.12448,0.12492,0.1237,0.12237,0.12483,0.14373,0.126,0.0816,0.07821
0.07899,0.07768,0.07737,0.07756,0.07838,0.12603,0.147,0.14122,0.13492,0.19438,0.19596,0.19131,0.19084,0.18919,0.18397,0.12166,0.12253,0.1216,0.12157,0.12589,0.15416,0.12934,0.08259,0.08039
0.08038,0.0793,0.07917,0.07918,0.08049,0.12618,0.15595,0.15079,0.13817,0.1952,0.19572,0.19096,0.18657,0.18567,0.18399,0.12258,0.12189,0.12109,0.12084,0.12283,0.13429,0.12354,0.08221,0.07937
0.07967,0.07858,0.07784,0.07793,0.07828,0.12027,0.12137,0.12406,0.12994,0.19291,0.19004,0.18569,0.18355,0.18074,0.1796,0.11912,0.11995,0.11978,0.11938,0.12071,0.12973,0.12261,0.07925,0.07773
0.07953,0.07719,0.07673,0.07657,0.07652,0.11731,0.11894,0.12033,0.12408,0.18526,0.18342,0.18169,0.18127,0.18046,0.17905,0.11904,0.11977,0.12103,0.12174,0.12484,0.14212,0.12561,0.08004,0.07911
0.07893,0.07755,0.07731,0.07777,0.07923,0.12264,0.15005,0.14733,0.14179,0.19904,0.20267,0.19443,0.19471,0.19375,0.1884,0.12694,0.12697,0.12601,0.12467,0.12771,0.14957,0.13104,0.08168,0.07947
0.0762485,0.0756848,0.0754089,0.0754028,0.0763354,0.1201576,0.1493417,0.1352262,0.1298941,0.1890584,0.1884826,0.1871303,0.1860434,0.1864292,0.1845171,0.1237282,0.1240369,0.1229993,0.1213579,0.1242453,0.142144,0.1253319,0.0776879,0.0766529
0.07508,0.07442,0.07421,0.07406,0.07511,0.11791,0.13507,0.12956,0.12396,0.18336,0.18547,0.18495,0.18447,0.18357,0.18256,0.12146,0.12085,0.12051,0.11973,0.12066,0.13321,0.12249,0.07618,0.07528
0.07348,0.07268,0.07231,0.0722,0.07349,0.11548,0.12681,0.12189,0.12179,0.18214,0.18396,0.18311,0.18228,0.18162,0.18089,0.12043,0.12027,0.11967,0.11904,0.11939,0.12631,0.12012,0.07586,0.07524
0.07322,0.07233,0.07123,0.07111,0.07248,0.11567,0.12726,0.12629,0.12482,0.18735,0.19069,0.19225,0.18865,0.18944,0.18494,0.12509,0.12428,0.12281,0.12066,0.1207,0.12541,0.12168,0.07602,0.07437
0.07458,0.07403,0.07321,0.07267,0.07316,0.11507,0.1161,0.11785,0.12165,0.18255,0.1818,0.18255,0.18083,0.18107,0.1802,0.12006,0.12033,0.1199,0.11946,0.11946,0.12838,0.12107,0.07688,0.0755
0.07414,0.07311,0.07147,0.07054,0.07077,0.11185,0.11266,0.11448,0.11596,0.17859,0.17872,0.17938,0.17977,0.17975,0.17996,0.12076,0.12287,0.12463,0.12148,0.12167,0.14084,0.12468,0.07703,0.07514
0.07445,0.07356,0.07325,0.07317,0.07408,0.11557,0.12315,0.12334,0.12463,0.18522,0.19056,0.19083,0.19641,0.20221,0.20467,0.15927,0.1567,0.14549,0.1368,0.13207,0.14548,0.13415,0.08174,0.07782
0.0749524,0.074164,0.0727299,0.0720598,0.073417,0.1153447,0.1208605,0.1224128,0.1224157,0.1843074,0.1906413,0.1924602,0.1953404,0.1986431,0.1973188,0.1456558,0.1458787,0.1404068,0.1295175,0.1268856,0.1400117,0.1283897,0.0795012,0.077248
0.0751133,0.0745099,0.0737695,0.0732588,0.0739973,0.1166027,0.120988,0.1243494,0.1251016,0.1869339,0.1907394,0.1909512,0.1960502,0.1978894,0.1998103,0.1435,0.1436928,0.1339225,0.127988,0.1261505,0.135218,0.1276997,0.0788546,0.076389
0.0745,0.07397,0.07268,0.07168,0.07305,0.11502,0.11902,0.11961,0.12102,0.18387,0.18928,0.19115,0.19384,0.19802,0.20064,0.14726,0.14782,0.14652,0.13439,0.12689,0.1366,0.12862,0.08025,0.0769
0.07569,0.07481,0.07432,0.07384,0.07435,0.11586,0.12018,0.12349,0.12474,0.18803,0.19404,0.19942,0.20477,0.21577,0.2248,0.17926,0.18066,0.1614,0.14459,0.1356,0.14595,0.13269,0.08131,0.07698
0.07573,0.07455,0.07338,0.07142,0.07159,0.11269,0.11453,0.11575,0.11786,0.18087,0.18541,0.18995,0.19312,0.19808,0.19875,0.14586,0.15363,0.14835,0.13637,0.12878,0.13505,0.12648,0.08083,0.07663
0.07468,0.07295,0.07114,0.06841,0.06814,0.10855,0.10983,0.11385,0.11632,0.1778,0.18011,0.18154,0.18353,0.18575,0.18872,0.13598,0.14069,0.13696,0.13139,0.12537,0.14558,0.12748,0.07948,0.07641
0.07729,0.07524,0.07448,0.07349,0.07454,0.11618,0.12352,0.12901,0.12965,0.20056,0.21869,0.23986,0.25787,0.28997,0.30148,0.2661,0.26644,0.22849,0.19198,0.16856,0.17986,0.15524,0.0852,0.07869
0.0752,0.07423,0.07375,0.07287,0.07339,0.11512,0.12046,0.12279,0.12277,0.18446,0.18617,0.18974,0.19936,0.2065,0.20501,0.1505,0.15769,0.14221,0.12684,0.12486,0.12928,0.12595,0.08143,0.07635
0.0754668,0.0744946,0.0739683,0.0732656,0.0741869,0.1163077,0.1223437,0.125072,0.1268995,0.1872561,0.192553,0.1924828,0.1941964,0.1912567,0.1902406,0.1286758,0.1288406,0.1286117,0.1242739,0.1239268,0.136646,0.1289872,0.0782626,0.0755648
0.0747011,0.0732314,0.0714175,0.070744,0.0729192,0.1158384,0.1230236,0.1250579,0.1253251,0.1852077,0.1899123,0.1889901,0.1905416,0.1931732,0.1914704,0.1321644,0.1335728,0.1295672,0.1271044,0.1236625,0.1380247,0.127967,0.0779,0.0756516
0.0732,0.07234,0.07089,0.07059,0.07224,0.11542,0.12226,0.12168,0.12197,0.18412,0.18831,0.19201,0.19535,0.19891,0.20649,0.14903,0.157,0.143,0.13527,0.12782,0.13301,0.12989,0.07948,0.07572
0.07571,0.07499,0.07435,0.07283,0.07231,0.11283,0.1131,0.11564,0.11895,0.18222,0.18404,0.19028,0.19485,0.19741,0.20174,0.1418,0.15515,0.1467,0.13441,0.12919,0.13425,0.13288,0.08078,0.07733
0.07722,0.07483,0.07292,0.0712,0.07023,0.11031,0.11022,0.1147,0.11921,0.18486,0.1875,0.19528,0.20132,0.20483,0.20675,0.15418,0.16015,0.1591,0.14043,0.13679,0.15848,0.14436,0.08381,0.07669
0.07561,0.07392,0.0727,0.07165,0.07237,0.11434,0.11832,0.12317,0.1256,0.19051,0.19772,0.20221,0.21332,0.21943,0.2329,0.17341,0.17548,0.16102,0.13973,0.13204,0.13927,0.13142,0.08076,0.07609
0.0748,0.07366,0.07244,0.07177,0.07258,0.11434,0.11645,0.12543,0.1248,0.18758,0.1926,0.19569,0.19965,0.2051,0.20941,0.15253,0.15234,0.14918,0.13355,0.12973,0.13736,0.13255,0.07973,0.07473
0.0738054,0.0727375,0.0703982,0.0684611,0.0704682,0.1135517,0.1161411,0.1204526,0.1206237,0.1812381,0.1826177,0.1826176,0.1827288,0.1830859,0.1831068,0.1260736,0.1262207,0.124334,0.1206958,0.1198719,0.1229273,0.121633,0.0746939,0.0736482
0.07328,0.07228,0.07035,0.06868,0.0715,0.1143,0.11904,0.12108,0.12242,0.18271,0.18267,0.18417,0.18267,0.18231,0.18152,0.12216,0.12155,0.12088,0.12035,0.11902,0.12134,0.12057,0.07515,0.07392
0.07236,0.07133,0.06834,0.06706,0.06891,0.11343,0.1152,0.11894,0.12035,0.18131,0.18341,0.18243,0.18114,0.18432,0.18188,0.12108,0.12082,0.12181,0.11931,0.11833,0.12459,0.12023,0.07463,0.073
0.06924,0.06869,0.06552,0.0636,0.06548,0.10884,0.10959,0.11258,0.11421,0.17488,0.17521,0.17534,0.17522,0.17517,0.17462,0.11483,0.11521,0.11512,0.11481,0.11469,0.11623,0.11578,0.07337,0.07003
0.06508,0.06496,0.06044,0.05928,0.05853,0.09874,0.09967,0.1037,0.1102,0.17266,0.17319,0.17456,0.17541,0.17598,0.1766,0.11732,0.11842,0.11937,0.11863,0.11867,0.11974,0.11904,0.07416,0.07032
0.06559,0.06381,0.06179,0.05687,0.0563,0.09969,0.10147,0.10715,0.11074,0.17278,0.17529,0.17751,0.1793,0.18025,0.18033,0.12077,0.12588,0.12669,0.12159,0.12018,0.12343,0.12027,0.07483,0.07312
0.07221,0.06895,0.06528,0.06356,0.06535,0.1103,0.11406,0.11633,0.11881,0.18124,0.18512,0.18844,0.19134,0.19931,0.20933,0.15541,0.16949,0.16959,0.14232,0.12952,0.12977,0.12685,0.07737,0.07524
0.07318,0.07182,0.06958,0.06688,0.06848,0.11281,0.11602,0.11961,0.12092,0.18307,0.18867,0.19326,0.2013,0.20734,0.21565,0.16993,0.1755,0.16104,0.13886,0.12848,0.13116,0.12579,0.07898,0.07617
0.07373,0.07122,0.06661,0.06268,0.06404,0.11127,0.11478,0.11771,0.11928,0.18187,0.18467,0.18662,0.18896,0.19541,0.20086,0.15436,0.15621,0.14492,0.12771,0.12396,0.12325,0.1225,0.07772,0.07488
0.07336,0.07078,0.06643,0.0635,0.06501,0.11163,0.11495,0.11623,0.11869,0.18065,0.18323,0.18509,0.18737,0.1934,0.19561,0.14017,0.14232,0.13236,0.12476,0.12223,0.12224,0.12069,0.07714,0.07581
0.07367,0.07228,0.06731,0.06516,0.06486,0.10543,0.10713,0.1131,0.11637,0.17778,0.18066,0.18206,0.18441,0.18651,0.18669,0.12896,0.13157,0.1295,0.12481,0.12251,0.12252,0.12155,0.07642,0.07403
0.07318,0.07162,0.06652,0.06427,0.06297,0.10311,0.10325,0.10766,0.11347,0.17562,0.17787,0.17989,0.17993,0.18137,0.18205,0.12089,0.12182,0.12166,0.11962,0.11944,0.11995,0.11918,0.07529,0.0743
0.07314,0.07078,0.06677,0.06555,0.06755,0.11243,0.11454,0.11585,0.11871,0.18237,0.183,0.18312,0.18577,0.1866,0.18726,0.1264,0.12574,0.12224,0.12077,0.11975,0.12152,0.11954,0.07526,0.07236
0.0728,0.07025,0.06699,0.0653,0.06761,0.11248,0.11427,0.1168,0.1184,0.17909,0.18195,0.18146,0.18178,0.1818,0.18208,0.12185,0.12143,0.12057,0.12101,0.12023,0.12083,0.11967,0.0746,0.07243
0.06845,0.06534,0.06225,0.06172,0.06261,0.10713,0.11324,0.11822,0.11874,0.17849,0.18086,0.18083,0.18025,0.18034,0.18026,0.12062,0.12043,0.12178,0.12087,0.12002,0.12096,0.12036,0.07421,0.06926
0.0713,0.06996,0.06793,0.06602,0.06838,0.11238,0.11379,0.11568,0.11777,0.17896,0.18117,0.1832,0.18304,0.18379,0.18215,0.12447,0.12494,0.12394,0.12146,0.12161,0.12216,0.12106,0.07545,0.07183
0.07128,0.0697,0.06503,0.06193,0.06382,0.10934,0.11238,0.11475,0.117,0.17909,0.18118,0.18119,0.1836,0.18474,0.18466,0.12478,0.12368,0.12302,0.12113,0.121,0.12052,0.11988,0.07524,0.07247
0.06977,0.06816,0.06451,0.05924,0.05955,0.1008,0.10262,0.10978,0.11289,0.17556,0.17917,0.18005,0.18051,0.18036,0.18041,0.12049,0.12047,0.12042,0.11986,0.11957,0.11965,0.11835,0.07395,0.07012
0.06317,0.06139,0.05977,0.05707,0.05507,0.09449,0.09438,0.09938,0.10681,0.17132,0.17307,0.17443,0.17617,0.17956,0.17987,0.12012,0.12028,0.12061,0.11881,0.1186,0.11918,0.11926,0.07352,0.06941
0.07046,0.06847,0.0644,0.06041,0.06464,0.10888,0.11176,0.11449,0.11844,0.17958,0.18121,0.18484,0.18531,0.18939,0.19419,0.13822,0.14153,0.13204,0.12729,0.12682,0.12648,0.12256,0.07703,0.07489
0.07493,0.07335,0.07111,0.06812,0.0715,0.11345,0.11549,0.11665,0.11842,0.18137,0.18393,0.18648,0.19007,0.19439,0.19761,0.14422,0.14705,0.13682,0.12988,0.12572,0.12407,0.12215,0.07674,0.07499
0.07402,0.07182,0.06864,0.06554,0.06803,0.11136,0.11388,0.11549,0.11703,0.18014,0.18645,0.19053,0.19316,0.1986,0.2039,0.15522,0.16189,0.14971,0.13509,0.12906,0.12804,0.12536,0.07877,0.07676
0.07485,0.07287,0.07066,0.06853,0.0689,0.11232,0.11469,0.11633,0.11807,0.18237,0.18532,0.18923,0.19377,0.20657,0.21882,0.17325,0.18303,0.16118,0.14006,0.13237,0.13178,0.1263,0.08061,0.07721
0.07551,0.07377,0.07259,0.07059,0.07087,0.11329,0.11524,0.11742,0.11987,0.18349,0.18884,0.19278,0.2087,0.23107,0.24861,0.19645,0.18459,0.15586,0.13607,0.12797,0.12377,0.12287,0.07908,0.07631
0.07535,0.07423,0.0736,0.07229,0.07122,0.11124,0.11218,0.11483,0.11663,0.17881,0.18141,0.1824,0.18327,0.18353,0.18514,0.12996,0.13101,0.12481,0.12325,0.12224,0.12128,0.12089,0.07814,0.0758
0.07495,0.0737,0.07248,0.06914,0.06879,0.10733,0.10558,0.11086,0.11408,0.17618,0.17939,0.1822,0.18424,0.18363,0.18393,0.12426,0.12437,0.12453,0.12368,0.12227,0.12134,0.12113,0.0765,0.07568
0.073607,0.0723293,0.0697903,0.0688667,0.0704479,0.1132949,0.114227,0.115608,0.1188827,0.1814093,0.1860523,0.1892728,0.1936968,0.2020154,0.2069623,0.1502359,0.1528566,0.1439327,0.1315095,0.1281321,0.1279919,0.12414,0.0792403,0.0760575
0.07514,0.07396,0.07321,0.07156,0.07212,0.11379,0.11501,0.11712,0.11953,0.18159,0.18394,0.18612,0.19021,0.19495,0.2001,0.14379,0.14576,0.13552,0.12749,0.12451,0.12371,0.12229,0.07665,0.07507
0.07479,0.07358,0.07111,0.0697,0.07126,0.11357,0.11472,0.11708,0.11839,0.1811,0.1847,0.18799,0.18826,0.19202,0.1938,0.13798,0.13887,0.13095,0.12743,0.12344,0.123,0.12222,0.07636,0.07432
0.07336,0.0723,0.07039,0.06874,0.06978,0.11249,0.11372,0.1159,0.11656,0.17971,0.18378,0.1869,0.18627,0.19109,0.19566,0.14023,0.1423,0.13367,0.12654,0.1259,0.1257,0.12481,0.07727,0.07524
0.07374,0.07226,0.06971,0.068,0.06874,0.11221,0.11447,0.11684,0.11822,0.18056,0.18547,0.18606,0.18791,0.19303,0.19557,0.13549,0.13402,0.12715,0.12388,0.12149,0.12066,0.12055,0.07611,0.07456
0.07395,0.07224,0.07026,0.06681,0.0658,0.10572,0.10554,0.11199,0.11729,0.17833,0.18045,0.18381,0.18597,0.18473,0.18947,0.13122,0.13619,0.13178,0.12763,0.12137,0.1218,0.12089,0.07711,0.07534
0.07316,0.07131,0.07028,0.06801,0.06583,0.10461,0.10289,0.10819,0.1123,0.17713,0.18011,0.18265,0.18532,0.18855,0.19205,0.13705,0.14346,0.13987,0.13507,0.12988,0.12881,0.12918,0.08209,0.07667
0.07375,0.07266,0.07143,0.06986,0.07126,0.11207,0.1147,0.1175,0.12057,0.18388,0.18742,0.1917,0.19687,0.2104,0.22859,0.18128,0.19951,0.18285,0.15483,0.13893,0.13792,0.1284,0.08344,0.07732
0.07486,0.07377,0.07264,0.07166,0.07241,0.11356,0.11518,0.11778,0.12013,0.18325,0.18841,0.19421,0.20389,0.21693,0.2345,0.1919,0.20352,0.16976,0.14477,0.13133,0.13014,0.12622,0.07998,0.07579
0.0744357,0.0734681,0.0717166,0.0691864,0.0707982,0.1131107,0.1145238,0.1159081,0.116757,0.1777717,0.1813116,0.1838106,0.1876202,0.18887,0.1919466,0.140502,0.146434,0.1371946,0.1277088,0.1250641,0.1246621,0.1224431,0.0759902,0.0743727
0.07369,0.07282,0.06866,0.06516,0.06842,0.11209,0.11371,0.11483,0.11571,0.17661,0.17988,0.18366,0.18496,0.18596,0.1901,0.13509,0.13598,0.12844,0.12321,0.12278,0.12205,0.12048,0.07587,0.07435
0.07372,0.07321,0.07017,0.06864,0.07102,0.11272,0.11394,0.11488,0.11592,0.17749,0.18215,0.18217,0.18233,0.18469,0.18559,0.12577,0.12545,0.1224,0.1216,0.11823,0.11735,0.1174,0.07469,0.07339
0.07205,0.06743,0.06534,0.06248,0.06257,0.10258,0.10374,0.10745,0.11354,0.17466,0.17595,0.17664,0.17645,0.17544,0.17492,0.1149,0.11488,0.11493,0.11473,0.1142,0.11462,0.11465,0.07318,0.06931
0.0676,0.06594,0.06384,0.06007,0.05892,0.09585,0.09514,0.10252,0.10751,0.17232,0.17374,0.17481,0.17553,0.17659,0.17661,0.11659,0.11644,0.11659,0.1164,0.11632,0.11642,0.11676,0.07316,0.0692
0.06552,0.06401,0.06074,0.0578,0.06296,0.10429,0.11075,0.11362,0.11443,0.17551,0.17724,0.1784,0.18023,0.1808,0.18168,0.12284,0.123,0.12224,0.12182,0.12083,0.11951,0.11905,0.07462,0.07299
0.07131,0.07003,0.06867,0.06689,0.06803,0.11076,0.11314,0.11483,0.11618,0.17857,0.18264,0.18512,0.18657,0.18765,0.18952,0.13302,0.13445,0.12901,0.12518,0.12424,0.12499,0.12417,0.07699,0.07428
0.07261,0.07134,0.06966,0.06772,0.06805,0.11145,0.11296,0.11392,0.1148,0.17682,0.17885,0.1798,0.18015,0.18308,0.18748,0.13126,0.13384,0.12742,0.12007,0.11933,0.11973,0.12013,0.0742,0.07332
0.07054,0.06861,0.06638,0.06481,0.06537,0.10916,0.11072,0.11219,0.11384,0.17554,0.1778,0.1788,0.1793,0.17978,0.18019,0.12035,0.12049,0.12038,0.11925,0.11752,0.11725,0.11606,0.07275,0.07136
0.06848,0.06527,0.06182,0.0598,0.06004,0.10236,0.10363,0.10611,0.10962,0.17238,0.17352,0.17418,0.17464,0.17486,0.17524,0.11543,0.11602,0.11567,0.11516,0.11418,0.11396,0.11399,0.0716,0.0685
0.06674,0.0617,0.05953,0.05903,0.05824,0.09831,0.09742,0.10034,0.10837,0.17157,0.17296,0.17447,0.17443,0.17488,0.17586,0.11622,0.11591,0.11596,0.11553,0.11508,0.1145,0.1143,0.0717,0.06943
0.06736,0.06216,0.06102,0.05758,0.05818,0.09747,0.09692,0.10128,0.10861,0.17166,0.17333,0.17627,0.17775,0.17858,0.1796,0.12301,0.12399,0.12586,0.1214,0.11935,0.11938,0.11881,0.07449,0.07246
0.06925,0.06663,0.06609,0.06528,0.06567,0.10775,0.11117,0.11244,0.11452,0.17737,0.1795,0.1834,0.1877,0.18904,0.19172,0.13633,0.13943,0.13746,0.12822,0.12237,0.12279,0.1213,0.07487,0.07327
0.07273,0.06929,0.06755,0.06618,0.06663,0.10921,0.11294,0.11462,0.11592,0.17952,0.18259,0.18611,0.18522,0.19508,0.19653,0.13992,0.14401,0.13742,0.12528,0.12123,0.1222,0.12202,0.07568,0.07417
0.0736258,0.0718279,0.0689059,0.0664691,0.066862,0.1102625,0.1132552,0.1147647,0.1157244,0.1774823,0.1810222,0.1815783,0.183625,0.1880217,0.1882058,0.1277301,0.1258914,0.1239403,0.1209757,0.1179641,0.1186489,0.1179983,0.0742048,0.073551
0.0732645,0.0722059,0.0690185,0.066826,0.0670543,0.1110343,0.1132357,0.1137404,0.1145132,0.1761208,0.1778512,0.1816986,0.1820035,0.1857493,0.188953,0.1301616,0.1291506,0.1251539,0.1206072,0.1196967,0.120078,0.1195637,0.0748424,0.0737021
0.0732636,0.0717737,0.0677134,0.0663794,0.0670879,0.1096444,0.1127846,0.1127795,0.1142472,0.1756319,0.1774832,0.179665,0.1808191,0.1837796,0.1891461,0.1326907,0.1316178,0.1292045,0.1205941,0.1192449,0.1184205,0.1177711,0.0739361,0.0729514
0.0733776,0.0721694,0.0707991,0.069368,0.0685756,0.109078,0.1087109,0.1110178,0.1137555,0.1744509,0.1768096,0.1785756,0.1797993,0.181187,0.1811,0.1227908,0.1243547,0.1236571,0.1200153,0.118601,0.1179844,0.117372,0.0740625,0.0730233
0.0727431,0.0700256,0.0678984,0.0648515,0.0619769,0.1015958,0.1014166,0.1066432,0.1113229,0.173392,0.1763234,0.1784071,0.1813745,0.1860511,0.1881732,0.1306683,0.1341717,0.1340497,0.1283412,0.1226246,0.1223036,0.1233867,0.0762972,0.0740135
0.0725012,0.0715874,0.0707004,0.0691628,0.0694656,0.1110456,0.1119175,0.1139122,0.1167627,0.1797395,0.1815946,0.1848521,0.1863851,0.190976,0.1959628,0.1387923,0.140809,0.1377106,0.1283846,0.1263301,0.1269203,0.125679,0.0784784,0.0756831
0.0741323,0.0731069,0.0717764,0.0710534,0.0714002,0.1130558,0.1140339,0.1156819,0.1178763,0.1799369,0.1892267,0.187683,0.1892749,0.1935862,0.1978143,0.1422705,0.1452499,0.1362564,0.1296208,0.1266927,0.1270109,0.128663,0.0780487,0.0757896
0.0742998,0.0731602,0.0717078,0.0704135,0.0711029,0.1127742,0.1137669,0.1145278,0.1159287,0.1779994,0.1822976,0.1837216,0.1849418,0.1879345,0.1905422,0.1321194,0.1331938,0.1314065,0.1243896,0.1215638,0.1198041,0.1202603,0.0744823,0.0738265
0.0718925,0.0700683,0.0672978,0.065035,0.0657626,0.1095908,0.1124291,0.1132911,0.1137481,0.1752748,0.1776582,0.1785035,0.1798801,0.1810024,0.183982,0.127558,0.1336816,0.1327192,0.1217927,0.1198069,0.1193499,0.1188615,0.0740682,0.0729398
0.0721538,0.0709046,0.0688363,0.0669918,0.0676132,0.1108719,0.1122145,0.1134901,0.1147527,0.1779082,0.1803755,0.1798333,0.1842869,0.1868371,0.1930507,0.1403215,0.1448839,0.142776,0.1271483,0.1245205,0.1237035,0.1227979,0.0773142,0.0744591
0.0750142,0.07397,0.0727656,0.0719354,0.0716851,0.1116846,0.1118672,0.1139403,0.1169801,0.1804804,0.1830511,0.1885462,0.1938879,0.2961089,0.3022205,0.308967,0.3149443,0.3155341,0.29836,0.1331171,0.1343418,0.1324681,0.0808161,0.0789158
0.0752512,0.074293,0.0733642,0.0725632,0.0715776,0.1113757,0.1111888,0.1133033,0.11493,0.1775393,0.1826107,0.1885258,0.1916498,0.1943056,0.1976823,0.1454652,0.149463,0.1515805,0.1403151,0.1307013,0.131014,0.1306664,0.0803875,0.0754621
0.0747589,0.0735832,0.0729671,0.0722831,0.0724797,0.11322,0.1143211,0.1162571,0.1195076,0.1835244,0.1905351,0.1918105,0.1983963,0.2072935,0.2133844,0.1615287,0.1703443,0.1617704,0.1405101,0.1319936,0.1293564,0.1272327,0.081305,0.0762301
0.0754574,0.0743134,0.0734011,0.0727829,0.0728059,0.1135793,0.1145582,0.1155022,0.1167762,0.1789446,0.1830663,0.1868316,0.1904744,0.1962075,0.2005444,0.1465061,0.1476326,0.1404343,0.1286412,0.1245129,0.1236905,0.1219652,0.0769682,0.0748408
0.0745562,0.0732053,0.0706527,0.0695426,0.0701845,0.1121435,0.1135346,0.1145339,0.1156282,0.1773362,0.179746,0.1811763,0.1840115,0.1851823,0.1895698,0.1367032,0.1416194,0.1375168,0.1246185,0.1223633,0.1208455,0.120706,0.0759294,0.0740999
0.0727397,0.071068,0.0681374,0.0664966,0.0670904,0.1102161,0.1124785,0.11329,0.1148458,0.1772562,0.1792238,0.18031,0.1835118,0.1868359,0.1897092,0.1350187,0.1420015,0.1364847,0.1281371,0.122705,0.1227632,0.1219306,0.0746243,0.0732429
0.0727294,0.0714339,0.0684502,0.0668629,0.0680437,0.1107677,0.1127952,0.1138143,0.1147032,0.1775756,0.1825074,0.1851753,0.1874783,0.1911682,0.1940514,0.1414207,0.1559791,0.143976,0.130057,0.1269569,0.1264084,0.1255868,0.0765428,0.0745
0.0730834,0.0716092,0.0691871,0.0663661,0.0654344,0.1052023,0.1060917,0.1110777,0.1133045,0.1749178,0.1788813,0.1835183,0.1852398,0.1862041,0.1884614,0.1358823,0.142286,0.1431915,0.1281469,0.1253943,0.1246927,0.1236199,0.077606,0.0745425
0.073382,0.0721702,0.0701881,0.0670328,0.0659282,0.1053845,0.105092,0.109838,0.1125419,0.1747208,0.1775487,0.1812091,0.1843463,0.1860555,0.1906404,0.1430621,0.139337,0.1439658,0.1315436,0.1261439,0.1256261,0.1240182,0.0765582,0.0748557
0.0734945,0.0726615,0.0714064,0.0696872,0.0700875,0.1119964,0.1131048,0.1151836,0.1175749,0.1833636,0.1878142,0.1924075,0.1954726,0.2032485,0.2092506,0.1623385,0.1684942,0.1616208,0.1440209,0.1342623,0.1335299,0.1306968,0.0809159,0.0755824
0.0752315,0.0736481,0.0726527,0.0715961,0.0721028,0.1133206,0.1148442,0.1171087,0.1195265,0.1857361,0.1917084,0.1972795,0.2026083,0.210953,0.2236327,0.178309,0.1875798,0.1798187,0.1514524,0.1415873,0.1403002,0.1352137,0.0850749,0.0798873
0.0770406,0.0745542,0.0732891,0.0724957,0.072485,0.1135405,0.1151512,0.1183442,0.1229912,0.1906513,0.1995868,0.21202,0.2325786,0.2611201,0.3006475,0.2700517,0.2841739,0.2650001,0.2077905,0.1608312,0.1555966,0.1468549,0.0881036,0.0787856
0.0752969,0.0737933,0.0726828,0.0709484,0.0710379,0.1133035,0.1148239,0.1157217,0.1187003,0.1851489,0.1923836,0.1965245,0.2025587,0.212806,0.2299023,0.1784348,0.1858168,0.1701694,0.1434124,0.1327013,0.1297104,0.1258696,0.0791423,0.0760084
0.0743808,0.071979,0.069513,0.06724,0.067077,0.1106156,0.1132981,0.1152032,0.1162749,0.1794277,0.1850898,0.186388,0.1893559,0.1930531,0.1998579,0.1451458,0.1486231,0.1444895,0.1329579,0.1271871,0.1262035,0.123504,0.0772459,0.0747549
0.0733978,0.0708688,0.0677989,0.0635683,0.0611257,0.1015488,0.10332,0.10904,0.1136031,0.1752095,0.1772521,0.1810774,0.1834882,0.1870992,0.1889835,0.1345321,0.1381903,0.1357122,0.1251321,0.1227401,0.1215789,0.1180535,0.0747237,0.0740025
0.072989,0.0703391,0.0659934,0.0624629,0.0580128,0.0957449,0.0949868,0.1008482,0.1115524,0.1739629,0.1756285,0.1776599,0.1823205,0.1839604,0.1869,0.1319892,0.1340294,0.1330132,0.1282301,0.1238375,0.1234895,0.1187364,0.0752647,0.0739823
0.0730767,0.0700047,0.0679515,0.0643238,0.0644875,0.1083679,0.1126318,0.1142608,0.1156431,0.1792209,0.184359,0.1885499,0.1903389,0.1960167,0.2056053,0.1581094,0.1541108,0.1432149,0.133827,0.1282368,0.1302044,0.1246672,0.0776245,0.075182
0.0739097,0.0724869,0.0711814,0.0693221,0.0694817,0.1118792,0.1140034,0.1148326,0.1159476,0.1771271,0.1808739,0.1838321,0.1853142,0.1890419,0.3940028,0.396974,0.4038587,0.395515,0.3881332,0.1234065,0.1237325,0.1209433,0.075736,0.0748301
0.0734993,0.0725878,0.0699487,0.0681968,0.0687548,0.1114726,0.1133582,0.1142335,0.1155377,0.1763997,0.1796258,0.1820708,0.1845694,0.187243,0.1930572,0.1351966,0.1422309,0.1345701,0.1267697,0.1210867,0.1210203,0.1196665,0.074845,0.0736277
0.0728784,0.0708009,0.0691567,0.0675645,0.067962,0.1104955,0.1129786,0.1134368,0.1144385,0.1760112,0.1784142,0.1817844,0.1814393,0.1821492,0.185624,0.1292265,0.1320596,0.1273802,0.1222351,0.1207561,0.1208493,0.1178061,0.0741773,0.0724859
0.0722618,0.071686,0.0687852,0.066952,0.0680403,0.1112307,0.1128122,0.1135416,0.114272,0.1757159,0.1777208,0.1797612,0.1806137,0.1809948,0.1830817,0.125707,0.1300309,0.1268185,0.1220286,0.1202327,0.1206243,0.1174803,0.0740971,0.0731593
0.0738832,0.0726489,0.0708838,0.0693316,0.069443,0.1094771,0.1106464,0.1118839,0.115738,0.1761381,0.1791917,0.1834371,0.1865147,0.1871593,0.1935898,0.1354024,0.1442751,0.1406026,0.1327532,0.127678,0.126004,0.121496,0.0760861,0.0753702
0.0730028,0.0720905,0.0704764,0.0676671,0.0663718,0.1060523,0.1068179,0.1080393,0.1126251,0.1742597,0.1764394,0.1790892,0.1838006,0.186466,0.1889417,0.1355853,0.1397857,0.1390303,0.1312827,0.1273372,0.1286361,0.1233157,0.0773893,0.0754048
0.0732894,0.0720094,0.0702233,0.0696075,0.0701235,0.1117235,0.1134066,0.1142823,0.1154415,0.1793008,0.1827267,0.1872472,0.1881746,0.1904711,0.190836,0.1369155,0.1425108,0.1367824,0.1300532,0.1286819,0.1282802,0.1234267,0.0764902,0.0749689
0.0738573,0.0724342,0.0708096,0.0702749,0.0706131,0.112411,0.1136433,0.1146513,0.1152085,0.1768279,0.181079,0.1832754,0.1844305,0.1872723,0.1900951,0.1344018,0.13663,0.1334007,0.1254412,0.1242667,0.1234346,0.1211562,0.0752168,0.0737684
0.0733765,0.0716262,0.0700554,0.0686998,0.0698071,0.1115461,0.1128754,0.11432,0.1148309,0.1764783,0.1798416,0.1830658,0.1825496,0.183744,0.1875246,0.1328875,0.1357104,0.1336992,0.1232776,0.1219321,0.1230768,0.1209947,0.0749875,0.0736558
0.0735503,0.0724282,0.0704446,0.0681596,0.069719,0.1116705,0.114535,0.1156281,0.1170771,0.1792275,0.1837346,0.1864329,0.1895956,0.1953635,0.1944918,0.1390176,0.1438882,0.1407209,0.1318719,0.1261652,0.1266013,0.1238602,0.0759619,0.074847
0.073193,0.070609,0.0673503,0.0656844,0.0660892,0.1097416,0.1132444,0.1147155,0.1152667,0.1775912,0.182717,0.348868,0.3493596,0.3513479,0.3576394,0.3645807,0.3729153,0.3683857,0.3522119,0.1274885,0.1292881,0.1228916,0.0771664,0.075401
0.0738665,0.072748,0.0697222,0.065796,0.0656881,0.106086,0.1068308,0.1108263,0.1143628,0.1760667,0.1783957,0.18507,0.1863427,0.3105075,0.3132257,0.3210618,0.328058,0.3239175,0.3109574,0.3087547,0.1272486,0.1231087,0.0762684,0.0746904
0.0739228,0.072925,0.0710393,0.0669868,0.0644284,0.1027491,0.1024246,0.1062627,0.1139048,0.175993,0.1770258,0.1828943,0.1881951,0.1898103,0.1959146,0.1418904,0.1484379,0.1451944,0.1355248,0.1289011,0.129207,0.126479,0.0779098,0.0754517
0.0736965,0.0712919,0.0704062,0.0688412,0.0690899,0.1116484,0.113413,0.1150265,0.1176001,0.1813507,0.1865487,0.1915173,0.1949648,0.2054303,0.2219992,0.1788069,0.1940894,0.1778388,0.1405965,0.133359,0.1333108,0.129208,0.080862,0.0769169
0.0743663,0.0731203,0.0719138,0.0707155,0.0707664,0.1129633,0.1139555,0.1147301,0.115957,0.1780691,0.1820215,0.1835805,0.185913,0.1894791,0.1929931,0.140622,0.1393225,0.1326776,0.1266925,0.1237577,0.1242046,0.1220293,0.0762136,0.0746234
0.0737827,0.0714788,0.0698919,0.0693789,0.0694944,0.1124687,0.1139787,0.1151622,0.1157857,0.1775193,0.1815082,0.1832393,0.1871144,0.1881623,0.1918051,0.1327069,0.1329992,0.1293546,0.1255725,0.1223006,0.1225596,0.1201131,0.0760174,0.0743406
0.0736992,0.0724305,0.0702218,0.0689918,0.0692645,0.1124328,0.1139867,0.1146081,0.1158658,0.1778997,0.1813498,0.181643,0.1825609,0.1853111,0.1861602,0.126572,0.1248673,0.1240978,0.1214889,0.1205285,0.1204157,0.1185552,0.0749487,0.0740716
0.0735823,0.0729762,0.070866,0.0692381,0.0701172,0.1127868,0.1139218,0.1142068,0.1152601,0.1770937,0.1807646,0.3528171,0.3538895,0.3558139,0.3596606,0.3638666,0.365105,0.3619234,0.1227518,0.121505,0.120881,0.1173631,0.0741628,0.0736354
0.0713952,0.0695217,0.0657766,0.0628844,0.0610052,0.101186,0.1012427,0.106812,0.1120323,0.1739903,0.1748478,0.1764807,0.1778192,0.1801332,0.1809179,0.1216015,0.1247461,0.1234109,0.1208135,0.1189264,0.1186249,0.1158918,0.0738498,0.0723368
0.0689313,0.064661,0.0635597,0.0606943,0.0552466,0.0935929,0.0938447,0.0987606,0.1089783,0.1732437,0.1743523,0.1755233,0.177759,0.4399596,0.44296,0.4432672,0.4498128,0.4503011,0.4436891,0.1220034,0.1233156,0.1181093,0.0748881,0.0738542
0.0724548,0.0705262,0.0686461,0.0673788,0.0680946,0.1107363,0.113269,0.1143877,0.1152266,0.1781055,0.1804674,0.1846368,0.1859648,0.1883449,0.1959036,0.1388356,0.1400559,0.1346145,0.1260866,0.1228142,0.1239338,0.1205807,0.0759716,0.0741384
0.07226,0.0694703,0.0668025,0.0640106,0.0666684,0.1103785,0.112567,0.1138183,0.1137117,0.1755465,0.1765843,0.1785502,0.1800412,0.1813691,0.1822428,0.124252,0.1260677,0.1230936,0.1198695,0.1180174,0.1200238,0.1164855,0.0736953,0.0719487
0.0730222,0.0695268,0.0673405,0.0671106,0.067663,0.11195,0.1135129,0.1141022,0.1145089,0.1754451,0.1773132,0.1790031,0.1802338,0.1808514,0.1838567,0.1246005,0.1272915,0.123559,0.1203549,0.1191441,0.1203605,0.1180266,0.0741033,0.0733334
0.0714979,0.0694049,0.0663329,0.0644615,0.0662038,0.1105658,0.1128476,0.1140852,0.114829,0.1757845,0.1778834,0.1792041,0.1816805,0.3417317,0.3434396,0.346236,0.3494796,0.3451205,0.3408252,0.1199878,0.1206581,0.1167203,0.0737765,0.0724317
0.0712513,0.0683127,0.0646792,0.0630995,0.0647288,0.1095385,0.1122362,0.1132194,0.1139697,0.1754627,0.1772343,0.1799294,0.1797869,0.1803519,0.1864569,0.1309731,0.1341013,0.127245,0.119944,0.1187184,0.1195793,0.115317,0.0738155,0.0723424
0.0718195,0.0704245,0.066209,0.0622485,0.0606011,0.1017474,0.1021291,0.1068528,0.1123539,0.1735809,0.175522,0.1779919,0.1793386,0.1805559,0.1809956,0.1267436,0.131754,0.1276931,0.1207561,0.1199715,0.1203398,0.1171111,0.0742854,0.0733186
0.0702456,0.0679009,0.0641624,0.0608125,0.0585688,0.0972715,0.0965089,0.1022068,0.1110082,0.1732531,0.1757227,0.1774892,0.1787472,0.1807241,0.1825375,0.1273058,0.1329325,0.1326532,0.1233781,0.1217514,0.124406,0.1176003,0.0752989,0.0733129
0.0721357,0.0690546,0.0673418,0.066116,0.0675785,0.1097823,0.1124946,0.1135834,0.1150368,0.1770419,0.1793917,0.1836429,0.1895235,0.1944505,0.1989467,0.1473284,0.1540906,0.1440823,0.1333841,0.128275,0.1286381,0.1207626,0.075992,0.0740031
0.0729421,0.0717423,0.0694716,0.0686444,0.068745,0.1117388,0.1141928,0.1146046,0.1170338,0.1813547,0.1845124,0.1899473,0.1999149,0.2102136,0.225715,0.1850606,0.2005102,0.1826327,0.1454437,0.1363476,0.13513,0.1256168,0.0800148,0.0756697
0.0735914,0.0729782,0.0719469,0.0715601,0.0719365,0.1132052,0.1160698,0.1156173,0.1170175,0.180708,0.188517,0.1922768,0.1995165,0.2177269,0.2342113,0.1929995,0.2213453,0.1930408,0.1521142,0.1359642,0.1494006,0.1271092,0.0814931,0.0755172
0.0746115,0.0736337,0.0724652,0.0717443,0.0719094,0.1136003,0.1162404,0.1158648,0.1174955,0.1800158,0.1849526,0.1927944,0.1971921,0.2082729,0.2166192,0.1701059,0.1842496,0.1649425,0.1419505,0.1345569,0.1340251,0.1275863,0.0788409,0.0751417
0.074363,0.0738264,0.0730093,0.0721053,0.0721819,0.1138897,0.117072,0.11637,0.1180556,0.1800472,0.1835681,0.1868488,0.1898587,0.1934374,0.1984328,0.1416324,0.1431043,0.131194,0.1257715,0.1264156,0.1245322,0.1190167,0.0749347,0.0731895
0.0730716,0.0718423,0.0705223,0.0679799,0.0677978,0.1082766,0.1101018,0.1113404,0.1135088,0.1748989,0.1766368,0.1783684,0.1819077,0.1843598,0.1868531,0.1324698,0.134413,0.1280588,0.1220025,0.1216884,0.1200356,0.1169802,0.0735314,0.0727685
0.071247,0.0679347,0.0663618,0.0628216,0.0619714,0.100876,0.101375,0.1009498,0.1096755,0.1729705,0.1743771,0.1762303,0.1783864,0.1827548,0.1852999,0.1291949,0.1342051,0.1322851,0.1245781,0.1216091,0.1206754,0.1165064,0.0734999,0.0724597
0.0696484,0.0679727,0.0653072,0.0624968,0.0599925,0.1001745,0.1010408,0.1038189,0.1110173,0.174115,0.1762583,0.1786578,0.1838336,0.1856863,0.1885474,0.1351901,0.1417543,0.135983,0.1269805,0.127272,0.1267209,0.1179445,0.0754055,0.0731265
0.072539,0.070629,0.0698612,0.0684618,0.0685099,0.1112709,0.1152435,0.1158025,0.1168108,0.180199,0.184736,0.1917388,0.1990441,0.2135755,0.2301895,0.188041,0.1992864,0.1863273,0.1514557,0.1383379,0.1335108,0.1258763,0.0800098,0.0747686
0.0740963,0.0736181,0.0725671,0.0719916,0.0722146,0.1137471,0.1166027,0.1166106,0.1178354,0.1819306,0.185888,0.1901782,0.1925419,0.198969,0.2088063,0.1555095,0.1633174,0.1446737,0.1323253,0.1298133,0.1304024,0.123757,0.0780715,0.0757045
0.0733843,0.0725654,0.0718454,0.071372,0.0715856,0.1131801,0.1169334,0.1151811,0.1162241,0.178009,0.1809805,0.1828054,0.1833119,0.1862483,0.1865199,0.1260809,0.1254488,0.1225458,0.1197067,0.1206778,0.1200855,0.1159872,0.0740078,0.0720851
0.0697476,0.0689773,0.0680359,0.0668811,0.0681299,0.1107823,0.1146985,0.114381,0.1154974,0.176313,0.1791441,0.1809679,0.1835083,0.1868925,0.1891985,0.1319367,0.1335969,0.1289009,0.1223487,0.1224937,0.1221515,0.1171282,0.074291,0.0730792
0.0694907,0.0672113,0.0651617,0.0620047,0.0606611,0.1014657,0.1026757,0.1064646,0.1136296,0.1755218,0.1769667,0.1773815,0.1782878,0.17902,0.1793493,0.1202131,0.1199725,0.1189877,0.1170384,0.1183165,0.1183866,0.1148083,0.0727193,0.0669596
0.064674,0.0638927,0.062065,0.0606039,0.0587039,0.0986871,0.0985975,0.1016341,0.1084674,0.1721402,0.1728346,0.1735033,0.1739823,0.1743174,0.1743206,0.1145164,0.1146628,0.1147521,0.1145236,0.1173758,0.1169234,0.1139773,0.0718172,0.0651693
0.0636055,0.0622625,0.0613574,0.059914,0.0618499,0.1073936,0.1133152,0.1135392,0.1143978,0.1750811,0.1761655,0.1775039,0.1784155,0.1790313,0.1791219,0.1193951,0.1196482,0.1191641,0.1178347,0.1197689,0.119445,0.114663,0.0727682,0.0683408
0.066034,0.0663953,0.0636086,0.0631262,0.0655935,0.1110245,0.1157379,0.1133196,0.1146355,0.1754924,0.1771526,0.1790389,0.1799687,0.1815212,0.1825619,0.1261714,0.1287299,0.1223519,0.1198535,0.1209157,0.1214363,0.1163468,0.0736656,0.0709325
0.0680478,0.0660637,0.062768,0.0614644,0.062855,0.1104683,0.1185078,0.1155244,0.115807,0.1795739,0.1822068,0.1825767,0.1851077,0.1892679,0.1947693,0.1403967,0.1487356,0.1360918,0.1260876,0.1305742,0.1274288,0.1196106,0.0746716,0.071933
0.0710766,0.0696327,0.0682351,0.0659515,0.0681025,0.1125546,0.1145003,0.114557,0.1159802,0.1779496,0.1807959,0.1840403,0.1857324,0.1899581,0.1968157,0.141442,0.1478107,0.1371638,0.1263297,0.130454,0.1257711,0.1210294,0.0760811,0.0732857
0.0716952,0.0701776,0.0675679,0.0661512,0.067124,0.1122447,0.1155909,0.1155826,0.1176635,0.1813125,0.184234,0.1853007,0.1888389,0.1978622,0.2037574,0.1516655,0.1500986,0.1374293,0.1267905,0.1308811,0.1269856,0.1211846,0.0765288,0.0730581
0.0730946,0.0716302,0.0695889,0.0678583,0.066683,0.1093161,0.1110501,0.1121511,0.1141212,0.1765962,0.1781968,0.1813192,0.1831038,0.1843558,0.1850887,0.1278105,0.1296394,0.124483,0.1212426,0.122594,0.1214709,0.1171983,0.0744985,0.0729593
0.0702515,0.068819,0.0683513,0.0657947,0.0642357,0.1055025,0.1077558,0.1078475,0.1112091,0.172873,0.1737003,0.1742083,0.1753746,0.1757988,0.1762706,0.1164071,0.1166308,0.1167725,0.1158304,0.1196321,0.1191959,0.1145545,0.0727748,0.0701271
0.0690605,0.0681755,0.065295,0.0650022,0.0672512,0.110907,0.1168984,0.1146677,0.1155071,0.1772776,0.1787403,0.1788537,0.1787053,0.1787085,0.1789778,0.118825,0.1187757,0.11894,0.1174344,0.1214309,0.1193401,0.1153386,0.0728417,0.0697654
0.0701648,0.0693645,0.066813,0.0656037,0.0681323,0.1138969,0.1201394,0.1169935,0.1166919,0.1792173,0.1810404,0.1826103,0.1844701,0.1847229,0.1850098,0.1260926,0.1289786,0.1253901,0.1221113,0.1306881,0.1274122,0.1176779,0.0744321,0.0729396
0.0699058,0.06814,0.0647665,0.0640773,0.0667801,0.1126062,0.1178307,0.115372,0.1153993,0.1773097,0.1787836,0.1803948,0.1821604,0.1840798,0.1854219,0.1286871,0.1319273,0.1250773,0.1210414,0.1286679,0.1251941,0.1169777,0.0741475,0.0718672
0.0682586,0.0658612,0.0630803,0.0624882,0.0641013,0.1118187,0.1155342,0.1143829,0.1146033,0.1764384,0.1772727,0.1800393,0.1813223,0.1820062,0.1826806,0.1261556,0.1314027,0.1236656,0.1210126,0.1277088,0.1229387,0.1165912,0.073448,0.0710968
0.0689689,0.0683838,0.0653247,0.0647833,0.0662715,0.1119366,0.1177333,0.1151326,0.1159829,0.1777157,0.1791001,0.1797841,0.1802967,0.1804712,0.180401,0.1206977,0.1207153,0.1197627,0.1172926,0.1209018,0.1194829,0.1151992,0.0734219,0.0694623
0.0718064,0.0704513,0.0685733,0.0671581,0.0671289,0.1094551,0.1115052,0.1121792,0.1137367,0.1758299,0.1779399,0.1798254,0.180543,0.1784717,0.1787443,0.1180809,0.1179603,0.1178249,0.117285,0.1224388,0.1213386,0.1151372,0.0731661,0.0705001
0.0696673,0.0683223,0.0672593,0.0626055,0.0623714,0.1068549,0.1087104,0.1090775,0.1126494,0.1743693,0.1745929,0.1751364,0.1757298,0.1762219,0.1770502,0.1175109,0.1182988,0.1193154,0.1193533,0.1287227,0.122889,0.1167265,0.0738652,0.0724809
0.0703339,0.0693997,0.0670451,0.0661655,0.0683896,0.1121012,0.1209671,0.1162243,0.117658,0.1803604,0.1805329,0.182982,0.1853805,0.1868322,0.1898281,0.1301413,0.1314319,0.1261156,0.1236638,0.1381447,0.1297476,0.1208099,0.075625,0.0734443
0.0736133,0.0722661,0.0709134,0.0702725,0.0715116,0.1139566,0.1214163,0.1205603,0.1221495,0.1850427,0.1922334,0.1928855,0.1951583,0.1992522,0.1992601,0.1384623,0.1359434,0.1297094,0.125044,0.1425612,0.1331388,0.1215796,0.0758781,0.0735282
0.073723,0.0723991,0.0712446,0.0699726,0.0716894,0.1139982,0.12363,0.1253793,0.1275131,0.1890167,0.1932624,0.1929037,0.1922414,0.1926547,0.1910131,0.1298728,0.1286343,0.1239937,0.1228687,0.1384908,0.1286795,0.1175499,0.0744286,0.0715928
0.0721275,0.0702642,0.0692929,0.068457,0.0703169,0.1144577,0.1241787,0.1247786,0.1236912,0.1848439,0.1848545,0.1850892,0.1850694,0.1851744,0.1844458,0.1233008,0.1230578,0.1223547,0.1252918,0.1389666,0.1246927,0.1182928,0.07473,0.0728956
0.0706246,0.0684643,0.0664004,0.0656716,0.0671941,0.1115529,0.1180856,0.1187277,0.118029,0.179644,0.1797136,0.180348,0.1801399,0.1802836,0.1795877,0.1190524,0.1182141,0.1178087,0.1196763,0.1208785,0.1191838,0.1156312,0.0737028,0.0711889
0.0710379,0.0686052,0.0663253,0.0649413,0.0646312,0.1060698,0.1113089,0.1130743,0.1147968,0.1772786,0.1776865,0.1780283,0.1770915,0.1757716,0.1751538,0.1149681,0.1149497,0.1154515,0.1171574,0.1206044,0.1167809,0.1147102,0.0722272,0.0705275
0.0673561,0.0655731,0.0626191,0.0606231,0.0607041,0.101915,0.1048373,0.1069675,0.1112986,0.173231,0.1734915,0.1740683,0.1740163,0.1734026,0.1732047,0.1133059,0.1139647,0.1143311,0.1183295,0.1265642,0.1176514,0.1152865,0.0732028,0.0713435
0.071058,0.070949,0.0691866,0.0686461,0.0710815,0.1145966,0.1330301,0.129379,0.122327,0.1841049,0.1862079,0.1854367,0.1856698,0.1860404,0.1848664,0.123166,0.1242426,0.1236256,0.1284367,0.1444308,0.1272638,0.1190109,0.0747031,0.0731276
0.071856,0.0699564,0.0695899,0.0695736,0.0704578,0.1132673,0.1341242,0.1239588,0.1199461,0.183222,0.1849457,0.1863203,0.1868881,0.1874111,0.185863,0.1240574,0.1235494,0.1221325,0.1278477,0.1490869,0.125699,0.1198194,0.0747254,0.0732962
0.0722061,0.0713419,0.0705246,0.0702733,0.0717045,0.1134743,0.1230135,0.1189374,0.1177292,0.1789846,0.1808087,0.1819605,0.1837272,0.1836201,0.1817897,0.1223161,0.1226986,0.1211138,0.1260109,0.143576,0.1236247,0.1180387,0.0746193,0.0731122
0.0716998,0.0703544,0.069082,0.0687003,0.0706522,0.1132976,0.1257822,0.1228929,0.1204508,0.1823353,0.1855539,0.1859871,0.1862291,0.1866562,0.186171,0.1262688,0.1252977,0.1219772,0.1275015,0.1456001,0.125575,0.1181965,0.0744727,0.0726499
0.0717293,0.0702101,0.0685203,0.0683402,0.0700682,0.1132646,0.1218913,0.1218123,0.121639,0.1836527,0.187395,0.1874895,0.1887592,0.1897243,0.1892764,0.1275786,0.1256136,0.1221368,0.1248664,0.1314725,0.1238158,0.1186081,0.0746742,0.0733271
0.0734191,0.0722667,0.0715219,0.0712183,0.0714811,0.1126053,0.1140248,0.115141,0.1189069,0.1845575,0.184782,0.1815924,0.1801959,0.1790358,0.1778362,0.1177393,0.1180585,0.1179027,0.1215332,0.1346941,0.1208786,0.1173811,0.0747991,0.0722234
0.0704477,0.0701518,0.0684578,0.0668483,0.0669081,0.1083125,0.1097108,0.1115559,0.1136337,0.1746996,0.1750606,0.175254,0.175262,0.1752115,0.1753698,0.1152513,0.115739,0.1162738,0.120975,0.1366583,0.1193379,0.1168291,0.073625,0.0716888
0.0686394,0.0667564,0.0654228,0.0656178,0.0677101,0.1113021,0.1223429,0.1195509,0.1175623,0.1791359,0.1817697,0.1810897,0.1839514,0.1854112,0.1859755,0.1253512,0.1242675,0.1205436,0.1280108,0.1473262,0.1224952,0.1175154,0.0736286,0.0715628
0.0689083,0.067375,0.0659376,0.0656241,0.0686465,0.1135284,0.1249007,0.1222236,0.1189871,0.1821855,0.1823502,0.1826131,0.1837266,0.1845524,0.1845295,0.1230889,0.1226488,0.1210146,0.1271372,0.1451049,0.1239781,0.1188814,0.0739989,0.0724745
0.0717285,0.0704894,0.0694983,0.0688993,0.0706838,0.1137737,0.1237361,0.1258987,0.1242371,0.1845457,0.1846515,0.1841887,0.1842072,0.1847965,0.1840193,0.121474,0.1210153,0.1196156,0.1282005,0.1442938,0.1250651,0.1191481,0.0747347,0.0732637
0.0728208,0.0722797,0.0717534,0.0714324,0.0724489,0.1157793,0.1342291,0.1333774,0.1265755,0.187283,0.1881437,0.1875795,0.1865039,0.1869707,0.185603,0.1227303,0.1223921,0.1207457,0.1284597,0.14542,0.1270276,0.1212232,0.0759735,0.0741444
0.072439,0.071077,0.0706441,0.070657,0.0716565,0.1144579,0.1236272,0.1294025,0.1239705,0.1843073,0.1867077,0.1841414,0.1840058,0.1840182,0.1828004,0.1203252,0.1192017,0.118747,0.1248713,0.1368239,0.125085,0.1203919,0.076867,0.0737743
0.0757327,0.0740362,0.0737936,0.0734184,0.0736158,0.1149022,0.118545,0.1207659,0.1237395,0.1903367,0.1909101,0.185657,0.1833866,0.180308,0.1796601,0.1192296,0.1194773,0.1207451,0.1332643,0.1450278,0.1319107,0.1271392,0.0806311,0.0772336
0.076903,0.0755405,0.0747778,0.0743228,0.0748794,0.1164851,0.1201063,0.1223459,0.1246721,0.185704,0.1837956,0.1796504,0.1787396,0.1774358,0.1767819,0.1167284,0.1174156,0.1193739,0.1348594,0.151311,0.1329923,0.1274018,0.0817584,0.0778674
0.0773828,0.0764733,0.076252,0.0761656,0.07819,0.1273349,0.1579685,0.180197,0.1465692,0.1946355,0.1914267,0.1880927,0.1856902,0.1845743,0.1830545,0.1211558,0.1210255,0.1240228,0.1356162,0.1495526,0.1301711,0.1246188,0.0783125,0.0756639
0.0757658,0.0740802,0.0742341,0.0740895,0.0754128,0.1213688,0.1381133,0.149891,0.1331917,0.1871147,0.1886751,0.1850983,0.1843998,0.1835092,0.1839598,0.1227315,0.1225801,0.122016,0.1350557,0.1471467,0.130527,0.1214846,0.0771244,0.0752697
0.0741396,0.0734908,0.0727817,0.0726089,0.0741749,0.1176022,0.1324522,0.1361346,0.127065,0.1873592,0.1860005,0.1865273,0.1862825,0.186253,0.1850669,0.1233349,0.1231124,0.1221654,0.1354795,0.1457065,0.1288785,0.1222873,0.0760821,0.0743294
0.0732786,0.0731534,0.07272,0.0723807,0.0735194,0.1173592,0.1313995,0.1349898,0.1273308,0.1871287,0.1856589,0.1884267,0.1909122,0.1929181,0.192108,0.1291671,0.1303659,0.1268399,0.140332,0.1501818,0.1318007,0.1257316,0.0788716,0.0757721
0.0738654,0.0733599,0.0728726,0.0721166,0.0731147,0.1165285,0.133047,0.1319625,0.1262431,0.1881477,0.1887597,0.1881088,0.1854068,0.1852347,0.1837781,0.121303,0.1212315,0.1216779,0.1293788,0.1314558,0.1239545,0.1192075,0.0758755,0.0743743
0.0732191,0.0721944,0.0715587,0.071127,0.0716673,0.1127225,0.1142663,0.1162469,0.1186707,0.1815008,0.1804583,0.1794898,0.1786977,0.1782108,0.177277,0.1167547,0.1168833,0.1179652,0.1249873,0.1232897,0.1191501,0.1179939,0.0750458,0.0736778
0.0708361,0.0691039,0.0676472,0.0663919,0.0664576,0.1079044,0.1103265,0.1122596,0.1150084,0.1756944,0.1759841,0.1761199,0.1760438,0.1757009,0.1754583,0.1152685,0.1154835,0.1162751,0.1273316,0.1290289,0.1184007,0.1171308,0.0746373,0.0733382
0.0710209,0.0708119,0.0703711,0.0701725,0.0716943,0.1153239,0.130686,0.1340843,0.1284967,0.1841893,0.184138,0.1811873,0.1808759,0.1809555,0.1796848,0.11863,0.1188699,0.1206826,0.1353226,0.1374551,0.1211568,0.1187417,0.0759171,0.0737604
0.0716594,0.0714116,0.071067,0.071004,0.0719494,0.1153034,0.1288109,0.1304287,0.1249673,0.1847522,0.1849861,0.1848173,0.182115,0.1803518,0.1789975,0.1183649,0.1185708,0.1189106,0.1312401,0.1305009,0.1188793,0.1173939,0.0754421,0.0726556
0.0706525,0.0701867,0.0696741,0.0690806,0.0701805,0.1129345,0.1237298,0.1222648,0.1196202,0.1813953,0.1818541,0.1822482,0.1822917,0.1815933,0.1813357,0.1206784,0.1208455,0.1224084,0.1341116,0.1296731,0.1210219,0.116997,0.0745123,0.072148
0.0712464,0.0701637,0.070008,0.0692066,0.0705205,0.113579,0.1262655,0.1262259,0.1232664,0.1834439,0.1830169,0.182195,0.1816534,0.1815919,0.1797096,0.1183535,0.1186277,0.1192603,0.1326045,0.1337963,0.1237765,0.1192343,0.0752496,0.0734123
0.0717029,0.0711562,0.0713357,0.0712877,0.0724166,0.1149571,0.1255995,0.1282743,0.1225326,0.1829008,0.183476,0.1817276,0.1800374,0.179394,0.178409,0.1172961,0.1173942,0.117776,0.1218957,0.1229342,0.1214019,0.1179771,0.0753459,0.0735432
0.0734244,0.0729483,0.0729428,0.0728243,0.0728718,0.1134654,0.1156762,0.1211717,0.123804,0.1911472,0.1860853,0.1824277,0.1782303,0.1761478,0.1751799,0.1147148,0.1149623,0.1162928,0.1197153,0.1213066,0.1183936,0.1167264,0.0740571,0.0720883
0.0705744,0.069892,0.06939,0.0660537,0.0652164,0.1054661,0.1089275,0.1102699,0.1123173,0.1733265,0.1743656,0.1743207,0.1742881,0.1740222,0.173622,0.113121,0.1133407,0.1144589,0.1306569,0.1209296,0.1180271,0.1166212,0.0742753,0.0724853
0.069335,0.0679267,0.0674599,0.0671816,0.0707077,0.1139902,0.122135,0.1204969,0.1198669,0.1793513,0.1804612,0.1793866,0.1789975,0.1787747,0.1771048,0.1167169,0.1175231,0.1404871,0.131453,0.1209542,0.1182469,0.1165506,0.0740935,0.0715169
0.0716923,0.0709338,0.069902,0.0699678,0.0719589,0.1149048,0.1231544,0.122768,0.1226723,0.1833469,0.1834363,0.1836557,0.1821284,0.1831647,0.1796643,0.1190293,0.1203021,0.1410522,0.1352132,0.1243697,0.1229798,0.1173389,0.0745412,0.0718396
0.0712122,0.070326,0.0694196,0.0689097,0.0706484,0.1142925,0.1211103,0.1222382,0.1220525,0.1822406,0.1825528,0.1828508,0.1835278,0.1837506,0.183173,0.1194649,0.1206765,0.1446727,0.1312487,0.1234934,0.1224008,0.118142,0.0746915,0.0714936
0.0712213,0.0695937,0.0687342,0.0678302,0.0703448,0.1140957,0.1197386,0.1225976,0.1214197,0.1838666,0.1852674,0.1864911,0.1849416,0.1853892,0.1844874,0.1224939,0.1220908,0.14545,0.136916,0.1259589,0.1238271,0.1171069,0.0744394,0.0717143
0.0700574,0.0685621,0.0667337,0.0657128,0.0679777,0.1130932,0.1191766,0.1215845,0.1230573,0.1858149,0.1866537,0.1878064,0.186817,0.1862419,0.1859113,0.1245057,0.1250669,0.1430512,0.1359506,0.1256569,0.1236993,0.1177002,0.0753464,0.0719329
0.0719351,0.071126,0.0702635,0.0692732,0.0702636,0.1109877,0.1112456,0.113784,0.1165275,0.1793464,0.1799631,0.1783984,0.1763412,0.1755422,0.1746678,0.1143208,0.1149821,0.122909,0.1231925,0.1191165,0.118308,0.1161582,0.0733732,0.0713143
0.0714564,0.0707063,0.070425,0.0701508,0.0708564,0.1122033,0.1128759,0.1142781,0.1183177,0.1785195,0.1769222,0.1756252,0.1749291,0.1742703,0.1736368,0.1135555,0.1148261,0.1293692,0.1282208,0.1226792,0.121503,0.1185314,0.0746801,0.0729586
0.0739816,0.0735928,0.0739458,0.0742922,0.0751312,0.1199623,0.1335565,0.1335071,0.1288512,0.1890323,0.1885275,0.1863969,0.1847924,0.1831049,0.1853917,0.1217225,0.1243529,0.1439954,0.1377685,0.1286107,0.1259339,0.1263873,0.0767586,0.0747679
0.0724035,0.0715538,0.0710161,0.070874,0.0722356,0.1152309,0.1242053,0.1254629,0.1250351,0.1850912,0.1860794,0.1845545,0.1838898,0.1825772,0.1807256,0.1197719,0.122307,0.1403108,0.131797,0.125499,0.1232525,0.1190927,0.0754131,0.0726955
0.0723843,0.0710843,0.0702555,0.0697967,0.0720311,0.1152604,0.1262749,0.128383,0.1287288,0.1875701,0.1875509,0.1858702,0.1845169,0.1810493,0.1800041,0.1190992,0.1199691,0.1321594,0.1276743,0.1230551,0.1218633,0.1203144,0.074559,0.0708515
0.071165,0.0704939,0.0689303,0.0684728,0.0710945,0.1142216,0.1214603,0.1228511,0.1228439,0.1828582,0.1822341,0.1828634,0.1821096,0.1802316,0.179032,0.1185067,0.1194027,0.1312436,0.1260752,0.1204228,0.120367,0.1179784,0.074349,0.0705736
0.0682033,0.0678894,0.0676939,0.0669612,0.0692919,0.1114075,0.1203185,0.1190403,0.1176882,0.1775541,0.1776789,0.1770546,0.1756055,0.1747168,0.1743589,0.1140898,0.1145685,0.1241308,0.1198959,0.1173219,0.1177983,0.1154312,0.0737044,0.0712601
0.0720124,0.071617,0.0714123,0.0713848,0.0718242,0.1125197,0.1145708,0.1171374,0.1185243,0.1784475,0.178716,0.1770608,0.1752199,0.1745095,0.1736609,0.1133681,0.1148859,0.1232879,0.1212435,0.1189034,0.1186385,0.1156577,0.0736655,0.072473
0.0720511,0.071127,0.070753,0.0708285,0.0713121,0.1120913,0.11439,0.1139935,0.1155481,0.1741329,0.1729362,0.1723007,0.1716049,0.1715539,0.1711503,0.1113469,0.1123184,0.1261908,0.1171626,0.1153543,0.1153213,0.1129327,0.0713153,0.0700621
0.0681421,0.0667766,0.0662405,0.0667234,0.07009,0.1126671,0.1262444,0.1220419,0.120132,0.1798705,0.1795906,0.1774007,0.1761369,0.1756324,0.1744456,0.1141143,0.1151345,0.1325627,0.1217335,0.118973,0.1184857,0.1144611,0.0720468,0.0705073
0.0708089,0.0700805,0.0694819,0.0688549,0.0704399,0.1126316,0.1196719,0.1196265,0.1189647,0.1781916,0.1775447,0.1772466,0.1760507,0.175336,0.1746589,0.1143283,0.1154072,0.1248476,0.1200146,0.1185761,0.1179794,0.1143031,0.0720097,0.0701526
0.0676873,0.0666188,0.0651615,0.0647036,0.0669441,0.1098993,0.1182871,0.1160245,0.1159714,0.1762213,0.1762941,0.1767228,0.1761779,0.175916,0.1747705,0.1142711,0.1149988,0.1225242,0.1178299,0.1169658,0.1166899,0.1138243,0.0711314,0.0672413
0.0673173,0.0658977,0.0650297,0.0649475,0.0667691,0.11141,0.1188453,0.1190478,0.1186863,0.180385,0.180557,0.1804094,0.1792877,0.1788809,0.1771933,0.1166562,0.1185072,0.1306864,0.1229578,0.1214983,0.1211196,0.1180223,0.0729835,0.0717322
0.0711803,0.0700785,0.0687729,0.0690916,0.0712873,0.1164093,0.1297141,0.1292725,0.1281118,0.1873684,0.1855189,0.1827647,0.1803471,0.1795753,0.1781782,0.1178733,0.1221177,0.1371811,0.1321601,0.1308911,0.1289752,0.1242208,0.08054,0.0762746
0.0739539,0.0733961,0.072885,0.0726714,0.0729054,0.1139254,0.1160331,0.1179446,0.1200018,0.1803581,0.1797231,0.1775267,0.1759534,0.1749657,0.1739858,0.1139651,0.1149896,0.1256612,0.1226614,0.1209334,0.1208356,0.1160885,0.0736948,0.0723896
0.0698142,0.0684238,0.0673804,0.0674607,0.0691782,0.1109993,0.1125119,0.1130155,0.114483,0.1759663,0.1759459,0.1756128,0.1747844,0.1748241,0.1742913,0.1140963,0.1159564,0.1331275,0.1251269,0.1247154,0.1226161,0.1180679,0.0749957,0.0737085
0.0723635,0.0706327,0.0720662,0.0723975,0.0733828,0.1160267,0.1289319,0.1382559,0.1293619,0.1860502,0.1822326,0.1811495,0.1785649,0.1772578,0.1758914,0.1150339,0.1174456,0.1337143,0.1299104,0.1274956,0.1256546,0.1205594,0.0763671,0.073671
0.0748033,0.0745737,0.0742955,0.074346,0.0752632,0.1224915,0.1421379,0.1519603,0.128565,0.1850323,0.1823118,0.1812902,0.1789363,0.177559,0.1765447,0.1161818,0.1168647,0.1347579,0.126825,0.1251367,0.1239868,0.1202175,0.0762139,0.0742232
0.0715663,0.0715302,0.0712698,0.0711895,0.071986,0.1159841,0.1250325,0.1307861,0.1201883,0.1789583,0.1774799,0.1760266,0.1747785,0.1739337,0.1732083,0.1129659,0.1138337,0.1199974,0.1182649,0.1168196,0.1157834,0.1135106,0.0710811,0.0698988
0.0681685,0.0658193,0.0655856,0.0650795,0.0653368,0.1071162,0.1098379,0.1115383,0.1127569,0.1738964,0.1740362,0.1729781,0.1712163,0.1693228,0.1668719,0.1062436,0.1079419,0.113013,0.1120656,0.1116927,0.111397,0.1104708,0.0681312,0.0646639
0.0639349,0.0622144,0.0608552,0.0606299,0.0629878,0.1052853,0.1096437,0.1125979,0.1127251,0.1734306,0.1733589,0.1730069,0.171967,0.1713087,0.1705819,0.1105672,0.1125588,0.1156703,0.1155655,0.1153721,0.1149855,0.1136731,0.0712748,0.0677987
0.0652122,0.0643734,0.0639114,0.0633029,0.0639107,0.1047324,0.1078254,0.1100932,0.1119772,0.1731961,0.17372,0.1733158,0.1727274,0.171431,0.1708937,0.1109343,0.1122361,0.114737,0.1146635,0.1147883,0.1144855,0.1132196,0.0708246,0.0673722
0.0651567,0.0640893,0.063148,0.0631475,0.063528,0.1042297,0.1061866,0.1088678,0.1114476,0.1725477,0.173388,0.1729352,0.1724437,0.1717657,0.1711838,0.1116298,0.113323,0.118912,0.1156999,0.1156487,0.1154963,0.1142562,0.0717546,0.0693144
0.0692746,0.0689174,0.0682588,0.0686391,0.0699807,0.1136169,0.1203435,0.1215251,0.1193119,0.1790532,0.1793916,0.1784353,0.1772007,0.1769439,0.1762975,0.1157853,0.1181899,0.1297352,0.1219246,0.120735,0.1198401,0.1166447,0.0729241,0.0706171
0.0692247,0.0680252,0.0659983,0.0660159,0.0675745,0.1116256,0.1152412,0.1163422,0.1168131,0.1765727,0.1767962,0.17718,0.1764516,0.1758925,0.1752918,0.1146112,0.1155922,0.1204201,0.1170295,0.1171533,0.1173704,0.1158524,0.073045,0.0681808
0.0687592,0.0680027,0.066892,0.066886,0.067945,0.1112073,0.1182622,0.1190899,0.1185502,0.1782242,0.1786022,0.1786476,0.1778491,0.1769453,0.1761137,0.1156427,0.1168054,0.1232544,0.1187695,0.118579,0.11844,0.1165868,0.0732199,0.0700657
0.0717634,0.0712351,0.070732,0.0708419,0.0721657,0.1150496,0.1263362,0.1316867,0.1265941,0.1836435,0.1827915,0.1828575,0.1805116,0.1790225,0.1778956,0.1176432,0.1211576,0.1396264,0.1304505,0.1303664,0.1276696,0.122193,0.0770719,0.074103
0.0720016,0.0712505,0.0708605,0.0709991,0.0721002,0.1149173,0.1249671,0.1319057,0.123131,0.180225,0.1794035,0.1784699,0.1767319,0.1762093,0.1754374,0.1152588,0.1169248,0.1234287,0.1214674,0.1197865,0.1182835,0.1177722,0.0751635,0.073288
0.0740912,0.073846,0.0733694,0.0731635,0.073741,0.1148872,0.1213751,0.1233994,0.1241289,0.1821752,0.1780532,0.1765979,0.1752739,0.1742257,0.1736574,0.1136669,0.1160358,0.1240356,0.121165,0.1200944,0.1191287,0.1165357,0.073684,0.0725243
0.0739086,0.0726514,0.0726914,0.0725247,0.0726131,0.113312,0.1142586,0.1164268,0.1196588,0.1779182,0.1749494,0.1746626,0.1741421,0.1736529,0.1730618,0.1128793,0.1154379,0.129499,0.1245683,0.1241932,0.1236174,0.1179603,0.0748267,0.0736938
0.0738427,0.0728753,0.0725604,0.0732679,0.07406,0.1163045,0.1275351,0.1351935,0.1241073,0.1830113,0.1805623,0.1783847,0.1778359,0.1768661,0.1762073,0.1163165,0.1205483,0.1374166,0.1312278,0.1277473,0.1245542,0.1205855,0.076693,0.0733825
0.0724526,0.0710579,0.0706293,0.0711936,0.0726957,0.1148356,0.1240097,0.1303439,0.1219113,0.1791411,0.17882,0.1780031,0.176385,0.1758173,0.1754736,0.1154864,0.1188494,0.1325856,0.1286435,0.1245612,0.1212629,0.1176273,0.0749379,0.0726614
0.0702689,0.0692664,0.0685604,0.0688351,0.0703133,0.1133718,0.1195237,0.1187503,0.1178587,0.1768837,0.1766467,0.1758693,0.1750925,0.1744127,0.1742336,0.1142714,0.1160843,0.1272557,0.1215794,0.1192094,0.1177239,0.1153577,0.0724894,0.0692195
0.0684432,0.0672548,0.065833,0.065277,0.0682268,0.1116127,0.1191917,0.1194781,0.1176058,0.1766504,0.1765488,0.1755137,0.175064,0.1741154,0.1735024,0.1131254,0.1154275,0.1226214,0.121412,0.1203816,0.1177706,0.1146181,0.0713583,0.0689944
0.0673548,0.0657879,0.0643336,0.064526,0.0667936,0.1103025,0.1181127,0.1184393,0.1165982,0.1762201,0.1764623,0.1758308,0.1748693,0.174385,0.173587,0.1132406,0.1153465,0.1207473,0.1178887,0.1169701,0.1157601,0.113735,0.0707425,0.0680657
0.066985,0.0656973,0.0620785,0.0616949,0.0625212,0.1053328,0.1081497,0.1109013,0.1136256,0.1748941,0.1752705,0.1744809,0.1719052,0.1714357,0.1712865,0.1113099,0.1137463,0.1197122,0.1162995,0.1155155,0.1152385,0.1134506,0.069675,0.065798
0.0643031,0.0606897,0.0585161,0.0583769,0.0584914,0.0995763,0.1028708,0.1049267,0.1075006,0.1695801,0.1700955,0.1698,0.1697565,0.1690844,0.1682221,0.1084429,0.1113752,0.1185095,0.1160151,0.1157167,0.1152285,0.1118321,0.0691097,0.0648016
0.0630865,0.0602129,0.0588603,0.0589481,0.0619074,0.1077381,0.1147192,0.1161398,0.1154285,0.1759003,0.1774017,0.1776513,0.1763692,0.1761555,0.1753481,0.1151987,0.1185499,0.125226,0.1226773,0.1193829,0.1183626,0.1149605,0.0715469,0.0684871
0.0658283,0.0643322,0.0623502,0.0623073,0.0646851,0.1082424,0.1147235,0.1169294,0.1162434,0.1762062,0.1763972,0.1760135,0.1756399,0.1752113,0.1746331,0.1145532,0.1171392,0.1249254,0.1238698,0.1217931,0.1189447,0.1160616,0.072767,0.0709742
0.0687048,0.0663497,0.065042,0.0658938,0.0671048,0.1135513,0.1208456,0.1239099,0.1188979,0.1781899,0.1771693,0.1761801,0.1754364,0.1749963,0.1747356,0.1147836,0.1172488,0.1256826,0.1252217,0.1235878,0.1231757,0.116557,0.0732788,0.0705415
0.0693037,0.0670861,0.0654857,0.0657882,0.0672681,0.1114985,0.11994,0.1223895,0.1191452,0.1803054,0.1812461,0.1796652,0.1782591,0.1772886,0.1767049,0.1168175,0.1212137,0.1357721,0.1295049,0.1241317,0.1233687,0.1184971,0.0744365,0.071663
0.0689332,0.0670106,0.0659672,0.0661534,0.0685332,0.1123974,0.122019,0.12252,0.1199102,0.1780555,0.1779998,0.1772259,0.1761617,0.1755139,0.1747811,0.1144627,0.1167056,0.1314808,0.1265859,0.122799,0.1219169,0.1183582,0.0750989,0.0720986
0.0740018,0.0737871,0.0732635,0.0731763,0.0733851,0.1148378,0.117264,0.1199859,0.1221726,0.1798735,0.1773393,0.1754956,0.1743927,0.17436,0.1734393,0.1134262,0.1155479,0.1278869,0.125681,0.12447,0.1237701,0.1202062,0.0755049,0.0736457
0.0737088,0.0728516,0.0728159,0.0727611,0.0724457,0.1140704,0.1162262,0.1176152,0.1169422,0.1756793,0.1737798,0.1724798,0.172088,0.1716127,0.1711709,0.1113441,0.1136708,0.1252404,0.1183541,0.1178722,0.1168318,0.1150774,0.0736649,0.0711928
0.0709041,0.0694062,0.068466,0.0687093,0.0701597,0.1130999,0.1173677,0.1197093,0.1185124,0.178304,0.1779977,0.1767631,0.1759349,0.1753051,0.1745712,0.1146155,0.1179439,0.1264698,0.1192021,0.1183349,0.1179477,0.1150479,0.0726545,0.0696979
0.0675749,0.0665659,0.0649767,0.0647601,0.0665676,0.1097404,0.1151493,0.1163472,0.1157688,0.1759285,0.1759586,0.1756996,0.1752346,0.1743279,0.1736161,0.1134434,0.1158165,0.1236814,0.1177848,0.116809,0.1160977,0.1148539,0.0709472,0.0682559
0.0660666,0.0640189,0.0626668,0.062352,0.0636012,0.1065654,0.1145746,0.1165091,0.1169555,0.177177,0.1763959,0.176402,0.1754807,0.1747541,0.1737985,0.1131856,0.1159558,0.1196236,0.116644,0.1159353,0.1160274,0.1138065,0.0691684,0.0657366
0.0646852,0.0610947,0.0598592,0.0597446,0.0604848,0.104262,0.1081877,0.1109328,0.1139937,0.1759814,0.175882,0.1762258,0.1757201,0.1755171,0.1752423,0.1147419,0.1155703,0.1176182,0.1163837,0.1158206,0.1155672,0.1144009,0.0705152,0.0686636
0.0613886,0.0607475,0.0580249,0.0578566,0.0581162,0.0993048,0.1012825,0.1085257,0.1107551,0.1721388,0.1727577,0.1720418,0.1706898,0.169921,0.1683998,0.1078377,0.110568,0.1159453,0.1141958,0.1137971,0.1131418,0.1113343,0.0669955,0.0629976
0.0634715,0.0610433,0.058276,0.0579796,0.0584685,0.0997285,0.10282,0.1047756,0.109546,0.1718297,0.1725966,0.1726896,0.1722711,0.1714747,0.1703892,0.110222,0.1135169,0.1173479,0.1163332,0.1156291,0.1147932,0.1119543,0.0696513,0.0659392
0.0633417,0.0611153,0.0584394,0.0577188,0.0577087,0.0980191,0.099261,0.1015184,0.105197,0.1677827,0.1680702,0.1683044,0.1683573,0.1679648,0.1675318,0.1076279,0.1127124,0.1189902,0.1165981,0.1158522,0.1154479,0.1143438,0.0702532,0.066304
0.0654134,0.0640373,0.0610983,0.0618354,0.0643536,0.1069816,0.1136259,0.1159193,0.1171436,0.1769367,0.1772918,0.1771511,0.1768371,0.1764074,0.1759265,0.1160053,0.1173728,0.130744,0.1258117,0.119702,0.1181096,0.116016,0.0722128,0.0700759
0.0675526,0.0656151,0.0625915,0.0625414,0.0648724,0.1093981,0.1125033,0.1163906,0.1166653,0.1766731,0.1773864,0.1771455,0.1762925,0.176023,0.1751669,0.1147029,0.1181887,0.1311799,0.1226585,0.1202574,0.118506,0.116376,0.0719207,0.0699594
0.0705169,0.0700477,0.0693194,0.069493,0.0699979,0.1121967,0.1143099,0.1189227,0.1198226,0.180626,0.1817497,0.1806247,0.1802796,0.178228,0.1760844,0.1159759,0.1210667,0.1379694,0.1229042,0.1211457,0.1201685,0.1160696,0.0722609,0.0704733
0.0704241,0.0685174,0.0675714,0.0677266,0.0684159,0.1100379,0.1134839,0.1158871,0.1166947,0.1776163,0.1781242,0.1774956,0.177171,0.176862,0.1748878,0.1148321,0.1180669,0.1375644,0.1216595,0.119307,0.1180612,0.1164224,0.0729112,0.0719379