Name,Year,Month,Day,Period,Value
Biomass 01,2023,12,31,24,0
Biomass 01,2024,1,14,15,1
Biomass 01,2024,1,16,5,0
Biomass 01,2024,2,1,17,1
Biomass 01,2024,2,3,7,0
Biomass 01,2024,4,19,23,1
Biomass 01,2024,4,21,13,0
Biomass 01,2024,7,3,18,1
Biomass 01,2024,7,5,8,0
Biomass 01,2024,8,30,4,1
Biomass 01,2024,8,31,18,0
Biomass 01,2024,11,26,16,1
Biomass 01,2024,11,28,6,0
Biomass 01,2024,12,7,22,1
Biomass 01,2024,12,9,12,0
Biomass 10,2023,12,31,24,0
Biomass 10,2024,1,28,14,1
Biomass 10,2024,1,30,4,0
Biomass 10,2024,3,30,17,1
Biomass 10,2024,4,1,7,0
Biomass 10,2024,4,17,2,1
Biomass 10,2024,4,18,16,0
Biomass 10,2024,5,19,20,1
Biomass 10,2024,5,21,10,0
Biomass 10,2024,7,9,19,1
Biomass 10,2024,7,11,9,0
Biomass 10,2024,10,8,22,1
Biomass 10,2024,10,10,12,0
Biomass 10,2024,10,16,21,1
Biomass 10,2024,10,18,11,0
Biomass 10,2024,12,14,20,1
Biomass 10,2024,12,16,10,0
Biomass 11,2023,12,31,24,0
Biomass 11,2024,2,1,23,1
Biomass 11,2024,2,3,13,0
Biomass 11,2024,2,22,18,1
Biomass 11,2024,2,24,8,0
Biomass 11,2024,3,1,20,1
Biomass 11,2024,3,3,10,0
Biomass 11,2024,7,31,3,1
Biomass 11,2024,8,1,17,0
Biomass 11,2024,9,4,13,1
Biomass 11,2024,9,6,3,0
Biomass 11,2024,10,10,13,1
Biomass 11,2024,10,12,3,0
Biomass 11,2024,12,22,13,1
Biomass 11,2024,12,24,3,0
Biomass 12,2023,12,31,24,0
Biomass 12,2024,1,19,15,1
Biomass 12,2024,1,21,5,0
Biomass 12,2024,3,13,22,1
Biomass 12,2024,3,15,12,0
Biomass 12,2024,4,6,16,1
Biomass 12,2024,4,8,6,0
Biomass 12,2024,4,24,14,1
Biomass 12,2024,4,26,4,0
Biomass 12,2024,6,8,19,1
Biomass 12,2024,6,10,9,0
Biomass 12,2024,7,15,5,1
Biomass 12,2024,7,16,19,0
Biomass 12,2024,8,13,23,1
Biomass 12,2024,8,15,13,0
Biomass 13,2023,12,31,24,0
Biomass 13,2024,4,5,9,1
Biomass 13,2024,4,6,23,0
Biomass 13,2024,4,29,18,1
Biomass 13,2024,5,1,8,0
Biomass 13,2024,5,12,13,1
Biomass 13,2024,5,14,3,0
Biomass 13,2024,5,24,21,1
Biomass 13,2024,5,26,11,0
Biomass 13,2024,10,14,16,1
Biomass 13,2024,10,16,6,0
Biomass 13,2024,10,26,16,1
Biomass 13,2024,10,28,6,0
Biomass 13,2024,11,4,16,1
Biomass 13,2024,11,6,6,0
Biomass 14,2023,12,31,24,0
Biomass 14,2024,1,11,20,1
Biomass 14,2024,1,13,10,0
Biomass 14,2024,2,13,23,1
Biomass 14,2024,2,15,13,0
Biomass 14,2024,7,17,17,1
Biomass 14,2024,7,19,7,0
Biomass 14,2024,8,26,7,1
Biomass 14,2024,8,27,21,0
Biomass 14,2024,10,9,23,1
Biomass 14,2024,10,11,13,0
Biomass 14,2024,11,12,14,1
Biomass 14,2024,11,14,4,0
Biomass 14,2024,12,25,17,1
Biomass 14,2024,12,27,7,0
Biomass 15,2023,12,31,24,0
Biomass 15,2024,2,24,16,1
Biomass 15,2024,2,26,6,0
Biomass 15,2024,3,3,23,1
Biomass 15,2024,3,5,13,0
Biomass 15,2024,3,27,12,1
Biomass 15,2024,3,29,2,0
Biomass 15,2024,4,16,7,1
Biomass 15,2024,4,17,21,0
Biomass 15,2024,9,7,13,1
Biomass 15,2024,9,9,3,0
Biomass 15,2024,9,30,18,1
Biomass 15,2024,10,2,8,0
Biomass 15,2024,10,6,23,1
Biomass 15,2024,10,8,13,0
Biomass 16,2023,12,31,24,0
Biomass 16,2024,1,24,16,1
Biomass 16,2024,1,26,6,0
Biomass 16,2024,2,11,19,1
Biomass 16,2024,2,13,9,0
Biomass 16,2024,4,26,9,1
Biomass 16,2024,4,27,23,0
Biomass 16,2024,7,8,18,1
Biomass 16,2024,7,10,8,0
Biomass 16,2024,9,10,11,1
Biomass 16,2024,9,12,1,0
Biomass 16,2024,10,16,14,1
Biomass 16,2024,10,18,4,0
Biomass 16,2024,12,12,23,1
Biomass 16,2024,12,14,13,0
Biomass 17,2023,12,31,24,0
Biomass 17,2024,4,1,20,1
Biomass 17,2024,4,3,10,0
Biomass 17,2024,5,15,22,1
Biomass 17,2024,5,17,12,0
Biomass 17,2024,7,17,13,1
Biomass 17,2024,7,19,3,0
Biomass 17,2024,8,9,8,1
Biomass 17,2024,8,10,22,0
Biomass 17,2024,10,11,12,1
Biomass 17,2024,10,13,2,0
Biomass 17,2024,11,7,23,1
Biomass 17,2024,11,9,13,0
Biomass 17,2024,12,7,22,1
Biomass 17,2024,12,9,12,0
Biomass 18,2023,12,31,24,0
Biomass 18,2024,4,12,4,1
Biomass 18,2024,4,13,18,0
Biomass 18,2024,4,20,21,1
Biomass 18,2024,4,22,11,0
Biomass 18,2024,6,23,17,1
Biomass 18,2024,6,25,7,0
Biomass 18,2024,8,19,16,1
Biomass 18,2024,8,21,6,0
Biomass 18,2024,9,23,15,1
Biomass 18,2024,9,25,5,0
Biomass 18,2024,11,22,8,1
Biomass 18,2024,11,23,22,0
Biomass 18,2024,12,9,10,1
Biomass 18,2024,12,10,24,0
Biomass 19,2023,12,31,24,0
Biomass 19,2024,2,17,19,1
Biomass 19,2024,2,19,9,0
Biomass 19,2024,3,1,7,1
Biomass 19,2024,3,2,21,0
Biomass 19,2024,4,4,19,1
Biomass 19,2024,4,6,9,0
Biomass 19,2024,5,5,6,1
Biomass 19,2024,5,6,20,0
Biomass 19,2024,6,23,9,1
Biomass 19,2024,6,24,23,0
Biomass 19,2024,8,7,2,1
Biomass 19,2024,8,8,16,0
Biomass 19,2024,12,14,20,1
Biomass 19,2024,12,16,10,0
Biomass 02,2023,12,31,24,0
Biomass 02,2024,2,7,16,1
Biomass 02,2024,2,9,6,0
Biomass 02,2024,3,13,5,1
Biomass 02,2024,3,14,19,0
Biomass 02,2024,5,4,23,1
Biomass 02,2024,5,6,13,0
Biomass 02,2024,10,14,19,1
Biomass 02,2024,10,16,9,0
Biomass 02,2024,10,17,17,1
Biomass 02,2024,10,19,7,0
Biomass 02,2024,11,2,9,1
Biomass 02,2024,11,3,23,0
Biomass 02,2024,12,23,19,1
Biomass 02,2024,12,25,9,0
Biomass 20,2023,12,31,24,0
Biomass 20,2024,1,1,1,1
Biomass 20,2024,1,1,8,0
Biomass 20,2024,1,3,17,1
Biomass 20,2024,1,5,7,0
Biomass 20,2024,3,7,13,1
Biomass 20,2024,3,9,3,0
Biomass 20,2024,6,24,23,1
Biomass 20,2024,6,26,13,0
Biomass 20,2024,8,9,21,1
Biomass 20,2024,8,11,11,0
Biomass 20,2024,8,30,9,1
Biomass 20,2024,8,31,23,0
Biomass 20,2024,11,5,14,1
Biomass 20,2024,11,7,4,0
Biomass 20,2024,12,30,18,1
Biomass 21,2023,12,31,24,0
Biomass 21,2024,4,1,13,1
Biomass 21,2024,4,3,3,0
Biomass 21,2024,4,30,20,1
Biomass 21,2024,5,2,10,0
Biomass 21,2024,5,5,19,1
Biomass 21,2024,5,7,9,0
Biomass 21,2024,8,1,20,1
Biomass 21,2024,8,3,10,0
Biomass 21,2024,9,11,13,1
Biomass 21,2024,9,13,3,0
Biomass 21,2024,11,1,7,1
Biomass 21,2024,11,2,21,0
Biomass 21,2024,12,23,13,1
Biomass 21,2024,12,25,3,0
Biomass 22,2023,12,31,24,0
Biomass 22,2024,3,15,19,1
Biomass 22,2024,3,17,9,0
Biomass 22,2024,5,13,21,1
Biomass 22,2024,5,15,11,0
Biomass 22,2024,6,18,2,1
Biomass 22,2024,6,19,16,0
Biomass 22,2024,7,29,23,1
Biomass 22,2024,7,31,13,0
Biomass 22,2024,10,1,6,1
Biomass 22,2024,10,2,20,0
Biomass 22,2024,10,22,16,1
Biomass 22,2024,10,24,6,0
Biomass 22,2024,12,1,19,1
Biomass 22,2024,12,3,9,0
Biomass 23,2023,12,31,24,0
Biomass 23,2024,4,28,10,1
Biomass 23,2024,4,29,24,0
Biomass 23,2024,6,7,12,1
Biomass 23,2024,6,9,2,0
Biomass 23,2024,9,5,16,1
Biomass 23,2024,9,7,6,0
Biomass 23,2024,9,11,20,1
Biomass 23,2024,9,13,10,0
Biomass 23,2024,9,15,17,1
Biomass 23,2024,9,17,7,0
Biomass 23,2024,12,10,5,1
Biomass 23,2024,12,11,19,0
Biomass 23,2024,12,22,16,1
Biomass 23,2024,12,24,6,0
Biomass 24,2023,12,31,24,0
Biomass 24,2024,2,1,23,1
Biomass 24,2024,2,3,13,0
Biomass 24,2024,3,15,14,1
Biomass 24,2024,3,17,4,0
Biomass 24,2024,7,4,10,1
Biomass 24,2024,7,5,24,0
Biomass 24,2024,9,13,15,1
Biomass 24,2024,9,15,5,0
Biomass 24,2024,10,3,23,1
Biomass 24,2024,10,5,13,0
Biomass 24,2024,10,9,17,1
Biomass 24,2024,10,11,7,0
Biomass 24,2024,11,26,4,1
Biomass 24,2024,11,27,18,0
Biomass 25,2023,12,31,24,0
Biomass 25,2024,1,1,1,1
Biomass 25,2024,1,2,13,0
Biomass 25,2024,1,29,23,1
Biomass 25,2024,1,31,13,0
Biomass 25,2024,3,22,20,1
Biomass 25,2024,3,24,10,0
Biomass 25,2024,4,11,9,1
Biomass 25,2024,4,12,23,0
Biomass 25,2024,4,23,4,1
Biomass 25,2024,4,24,18,0
Biomass 25,2024,6,19,19,1
Biomass 25,2024,6,21,9,0
Biomass 25,2024,10,11,4,1
Biomass 25,2024,10,12,18,0
Biomass 25,2024,12,31,23,1
Biomass 26,2023,12,31,24,0
Biomass 26,2024,3,29,19,1
Biomass 26,2024,3,31,9,0
Biomass 26,2024,4,11,15,1
Biomass 26,2024,4,13,5,0
Biomass 26,2024,5,1,19,1
Biomass 26,2024,5,3,9,0
Biomass 26,2024,8,10,16,1
Biomass 26,2024,8,12,6,0
Biomass 26,2024,8,26,3,1
Biomass 26,2024,8,27,17,0
Biomass 26,2024,10,28,7,1
Biomass 26,2024,10,29,21,0
Biomass 26,2024,12,29,6,1
Biomass 26,2024,12,30,20,0
Biomass 27,2023,12,31,24,0
Biomass 27,2024,1,2,17,1
Biomass 27,2024,1,4,7,0
Biomass 27,2024,1,9,4,1
Biomass 27,2024,1,10,18,0
Biomass 27,2024,2,27,18,1
Biomass 27,2024,2,29,8,0
Biomass 27,2024,4,2,15,1
Biomass 27,2024,4,4,5,0
Biomass 27,2024,7,25,13,1
Biomass 27,2024,7,27,3,0
Biomass 27,2024,11,4,24,1
Biomass 27,2024,11,6,14,0
Biomass 27,2024,12,9,13,1
Biomass 27,2024,12,11,3,0
Biomass 28,2023,12,31,24,0
Biomass 28,2024,1,1,1,1
Biomass 28,2024,1,1,9,0
Biomass 28,2024,4,10,5,1
Biomass 28,2024,4,11,19,0
Biomass 28,2024,4,25,18,1
Biomass 28,2024,4,27,8,0
Biomass 28,2024,8,23,20,1
Biomass 28,2024,8,25,10,0
Biomass 28,2024,10,11,5,1
Biomass 28,2024,10,12,19,0
Biomass 28,2024,11,16,1,1
Biomass 28,2024,11,17,15,0
Biomass 28,2024,12,24,8,1
Biomass 28,2024,12,25,22,0
Biomass 28,2024,12,30,19,1
Biomass 29,2023,12,31,24,0
Biomass 29,2024,1,20,22,1
Biomass 29,2024,1,22,12,0
Biomass 29,2024,2,4,4,1
Biomass 29,2024,2,5,18,0
Biomass 29,2024,5,13,18,1
Biomass 29,2024,5,15,8,0
Biomass 29,2024,5,19,11,1
Biomass 29,2024,5,21,1,0
Biomass 29,2024,5,28,6,1
Biomass 29,2024,5,29,20,0
Biomass 29,2024,6,23,9,1
Biomass 29,2024,6,24,23,0
Biomass 29,2024,7,1,17,1
Biomass 29,2024,7,3,7,0
Biomass 29,2024,7,24,16,1
Biomass 29,2024,7,26,6,0
Biomass 30,2023,12,31,24,0
Biomass 30,2024,1,8,3,1
Biomass 30,2024,1,9,17,0
Biomass 30,2024,2,13,3,1
Biomass 30,2024,2,14,17,0
Biomass 30,2024,3,5,14,1
Biomass 30,2024,3,7,4,0
Biomass 30,2024,4,1,6,1
Biomass 30,2024,4,2,20,0
Biomass 30,2024,7,25,7,1
Biomass 30,2024,7,26,21,0
Biomass 30,2024,9,25,17,1
Biomass 30,2024,9,27,7,0
Biomass 30,2024,11,1,16,1
Biomass 30,2024,11,3,6,0
Biomass 31,2023,12,31,24,0
Biomass 31,2024,2,7,16,1
Biomass 31,2024,2,9,6,0
Biomass 31,2024,3,30,23,1
Biomass 31,2024,4,1,13,0
Biomass 31,2024,5,5,7,1
Biomass 31,2024,5,6,21,0
Biomass 31,2024,7,16,13,1
Biomass 31,2024,7,18,3,0
Biomass 31,2024,8,13,10,1
Biomass 31,2024,8,14,24,0
Biomass 31,2024,11,8,18,1
Biomass 31,2024,11,10,8,0
Biomass 31,2024,11,16,18,1
Biomass 31,2024,11,18,8,0
Biomass 31,2024,12,8,21,1
Biomass 31,2024,12,10,11,0
Biomass 32,2023,12,31,24,0
Biomass 32,2024,1,21,20,1
Biomass 32,2024,1,23,10,0
Biomass 32,2024,3,1,9,1
Biomass 32,2024,3,2,23,0
Biomass 32,2024,3,12,13,1
Biomass 32,2024,3,14,3,0
Biomass 32,2024,4,22,18,1
Biomass 32,2024,4,24,8,0
Biomass 32,2024,5,2,18,1
Biomass 32,2024,5,4,8,0
Biomass 32,2024,6,9,22,1
Biomass 32,2024,6,11,12,0
Biomass 32,2024,10,7,16,1
Biomass 32,2024,10,9,6,0
Biomass 05,2023,12,31,24,0
Biomass 05,2024,1,21,17,1
Biomass 05,2024,1,23,7,0
Biomass 05,2024,3,20,5,1
Biomass 05,2024,3,21,19,0
Biomass 05,2024,4,7,21,1
Biomass 05,2024,4,9,11,0
Biomass 05,2024,5,23,22,1
Biomass 05,2024,5,25,12,0
Biomass 05,2024,6,21,19,1
Biomass 05,2024,6,23,9,0
Biomass 05,2024,7,8,20,1
Biomass 05,2024,7,10,10,0
Biomass 05,2024,10,2,11,1
Biomass 05,2024,10,4,1,0
Biomass 56,2023,12,31,24,0
Biomass 56,2024,1,24,6,1
Biomass 56,2024,1,25,20,0
Biomass 56,2024,1,29,23,1
Biomass 56,2024,1,31,13,0
Biomass 56,2024,3,19,18,1
Biomass 56,2024,3,21,8,0
Biomass 56,2024,10,8,19,1
Biomass 56,2024,10,10,9,0
Biomass 56,2024,10,12,10,1
Biomass 56,2024,10,13,24,0
Biomass 56,2024,11,5,20,1
Biomass 56,2024,11,7,10,0
Biomass 56,2024,12,29,20,1
Biomass 56,2024,12,31,10,0
Biomass 57,2023,12,31,24,0
Biomass 57,2024,3,1,12,1
Biomass 57,2024,3,3,2,0
Biomass 57,2024,5,15,13,1
Biomass 57,2024,5,17,3,0
Biomass 57,2024,6,4,17,1
Biomass 57,2024,6,6,7,0
Biomass 57,2024,6,20,22,1
Biomass 57,2024,6,22,12,0
Biomass 57,2024,7,2,8,1
Biomass 57,2024,7,3,22,0
Biomass 57,2024,8,12,9,1
Biomass 57,2024,8,13,23,0
Biomass 57,2024,10,13,13,1
Biomass 57,2024,10,15,3,0
Biomass 58,2023,12,31,24,0
Biomass 58,2024,1,11,20,1
Biomass 58,2024,1,13,10,0
Biomass 58,2024,3,20,17,1
Biomass 58,2024,3,22,7,0
Biomass 58,2024,4,21,8,1
Biomass 58,2024,4,22,22,0
Biomass 58,2024,8,18,16,1
Biomass 58,2024,8,20,6,0
Biomass 58,2024,9,6,15,1
Biomass 58,2024,9,8,5,0
Biomass 58,2024,10,9,16,1
Biomass 58,2024,10,11,6,0
Biomass 58,2024,10,30,16,1
Biomass 58,2024,11,1,6,0
Biomass 59,2023,12,31,24,0
Biomass 59,2024,2,18,16,1
Biomass 59,2024,2,20,6,0
Biomass 59,2024,3,8,10,1
Biomass 59,2024,3,9,24,0
Biomass 59,2024,4,11,12,1
Biomass 59,2024,4,13,2,0
Biomass 59,2024,4,24,7,1
Biomass 59,2024,4,25,21,0
Biomass 59,2024,7,5,24,1
Biomass 59,2024,7,7,14,0
Biomass 59,2024,9,15,17,1
Biomass 59,2024,9,17,7,0
Biomass 59,2024,9,18,16,1
Biomass 59,2024,9,20,6,0
Biomass 06,2023,12,31,24,0
Biomass 06,2024,1,6,15,1
Biomass 06,2024,1,8,5,0
Biomass 06,2024,1,25,12,1
Biomass 06,2024,1,27,2,0
Biomass 06,2024,5,23,18,1
Biomass 06,2024,5,25,8,0
Biomass 06,2024,7,28,21,1
Biomass 06,2024,7,30,11,0
Biomass 06,2024,9,5,16,1
Biomass 06,2024,9,7,6,0
Biomass 06,2024,10,5,13,1
Biomass 06,2024,10,7,3,0
Biomass 06,2024,11,10,20,1
Biomass 06,2024,11,12,10,0
Biomass 60,2023,12,31,24,0
Biomass 60,2024,1,17,18,1
Biomass 60,2024,1,19,8,0
Biomass 60,2024,2,7,16,1
Biomass 60,2024,2,9,6,0
Biomass 60,2024,2,20,17,1
Biomass 60,2024,2,22,7,0
Biomass 60,2024,3,27,19,1
Biomass 60,2024,3,29,9,0
Biomass 60,2024,4,6,10,1
Biomass 60,2024,4,7,24,0
Biomass 60,2024,5,29,13,1
Biomass 60,2024,5,31,3,0
Biomass 60,2024,6,5,4,1
Biomass 60,2024,6,6,18,0
Biomass 60,2024,6,10,7,1
Biomass 60,2024,6,11,21,0
Biomass 07,2023,12,31,24,0
Biomass 07,2024,2,24,3,1
Biomass 07,2024,2,25,17,0
Biomass 07,2024,3,5,7,1
Biomass 07,2024,3,6,21,0
Biomass 07,2024,3,19,15,1
Biomass 07,2024,3,21,5,0
Biomass 07,2024,6,4,22,1
Biomass 07,2024,6,6,12,0
Biomass 07,2024,6,13,17,1
Biomass 07,2024,6,15,7,0
Biomass 07,2024,8,8,23,1
Biomass 07,2024,8,10,13,0
Biomass 07,2024,10,6,16,1
Biomass 07,2024,10,8,6,0
Biomass 08,2023,12,31,24,0
Biomass 08,2024,2,16,18,1
Biomass 08,2024,2,18,8,0
Biomass 08,2024,3,6,7,1
Biomass 08,2024,3,7,21,0
Biomass 08,2024,3,8,18,1
Biomass 08,2024,3,10,8,0
Biomass 08,2024,7,19,2,1
Biomass 08,2024,7,20,16,0
Biomass 08,2024,8,8,5,1
Biomass 08,2024,8,9,19,0
Biomass 08,2024,11,26,17,1
Biomass 08,2024,11,28,7,0
Biomass 08,2024,12,3,7,1
Biomass 08,2024,12,4,21,0
Biomass 09,2023,12,31,24,0
Biomass 09,2024,3,20,19,1
Biomass 09,2024,3,22,9,0
Biomass 09,2024,5,1,22,1
Biomass 09,2024,5,3,12,0
Biomass 09,2024,5,20,5,1
Biomass 09,2024,5,21,19,0
Biomass 09,2024,5,22,3,1
Biomass 09,2024,5,23,17,0
Biomass 09,2024,8,17,2,1
Biomass 09,2024,8,18,16,0
Biomass 09,2024,10,27,9,1
Biomass 09,2024,10,28,23,0
Biomass 09,2024,10,30,19,1
Biomass 09,2024,11,1,9,0
CC NG 01,2023,12,31,24,0
CC NG 01,2024,1,20,2,1
CC NG 01,2024,1,21,2,0
CC NG 01,2024,2,15,13,1
CC NG 01,2024,2,16,13,0
CC NG 01,2024,3,15,11,1
CC NG 01,2024,3,16,11,0
CC NG 01,2024,5,8,3,1
CC NG 01,2024,5,9,3,0
CC NG 01,2024,5,31,10,1
CC NG 01,2024,6,1,10,0
CC NG 01,2024,7,4,9,1
CC NG 01,2024,7,5,9,0
CC NG 01,2024,8,15,9,1
CC NG 01,2024,8,16,9,0
CC NG 01,2024,9,2,16,1
CC NG 01,2024,9,3,16,0
CC NG 01,2024,11,16,8,1
CC NG 01,2024,11,17,8,0
CC NG 01,2024,11,27,21,1
CC NG 01,2024,11,28,21,0
CC NG 01,2024,12,28,14,1
CC NG 01,2024,12,29,14,0
CC NG 13,2023,12,31,24,0
CC NG 13,2024,1,1,22,1
CC NG 13,2024,1,2,22,0
CC NG 13,2024,1,13,15,1
CC NG 13,2024,1,14,15,0
CC NG 13,2024,1,20,19,1
CC NG 13,2024,1,21,19,0
CC NG 13,2024,2,20,15,1
CC NG 13,2024,2,21,15,0
CC NG 13,2024,5,17,9,1
CC NG 13,2024,5,18,9,0
CC NG 13,2024,5,23,17,1
CC NG 13,2024,5,24,17,0
CC NG 13,2024,6,16,19,1
CC NG 13,2024,6,17,19,0
CC NG 13,2024,8,1,19,1
CC NG 13,2024,8,2,19,0
CC NG 13,2024,8,21,16,1
CC NG 13,2024,8,22,16,0
CC NG 13,2024,12,8,9,1
CC NG 13,2024,12,9,9,0
CC NG 13,2024,12,22,10,1
CC NG 13,2024,12,23,10,0
CC NG 16,2023,12,31,24,0
CC NG 16,2024,2,3,7,1
CC NG 16,2024,2,4,7,0
CC NG 16,2024,5,12,15,1
CC NG 16,2024,5,13,15,0
CC NG 16,2024,5,25,23,1
CC NG 16,2024,5,26,23,0
CC NG 16,2024,6,24,10,1
CC NG 16,2024,6,25,10,0
CC NG 16,2024,6,29,18,1
CC NG 16,2024,6,30,18,0
CC NG 16,2024,7,29,15,1
CC NG 16,2024,7,30,15,0
CC NG 16,2024,8,13,9,1
CC NG 16,2024,8,14,9,0
CC NG 16,2024,10,6,12,1
CC NG 16,2024,10,7,12,0
CC NG 16,2024,10,20,15,1
CC NG 16,2024,10,21,15,0
CC NG 16,2024,11,13,6,1
CC NG 16,2024,11,14,6,0
CC NG 16,2024,11,17,13,1
CC NG 16,2024,11,18,13,0
CC NG 16,2024,12,25,12,1
CC NG 16,2024,12,26,12,0
CC NG 17,2023,12,31,24,0
CC NG 17,2024,3,3,8,1
CC NG 17,2024,3,4,8,0
CC NG 17,2024,4,7,8,1
CC NG 17,2024,4,8,8,0
CC NG 17,2024,5,3,21,1
CC NG 17,2024,5,4,21,0
CC NG 17,2024,6,24,9,1
CC NG 17,2024,6,25,9,0
CC NG 17,2024,8,7,19,1
CC NG 17,2024,8,8,19,0
CC NG 17,2024,10,29,16,1
CC NG 17,2024,10,30,16,0
CC NG 17,2024,11,1,2,1
CC NG 17,2024,11,2,2,0
CC NG 17,2024,11,16,8,1
CC NG 17,2024,11,17,8,0
CC NG 17,2024,11,26,12,1
CC NG 17,2024,11,27,12,0
CC NG 17,2024,12,12,9,1
CC NG 17,2024,12,13,9,0
CC NG 17,2024,12,18,19,1
CC NG 17,2024,12,19,19,0
CC NG 17,2024,12,22,6,1
CC NG 17,2024,12,23,6,0
CC NG 18,2023,12,31,24,0
CC NG 18,2024,1,7,16,1
CC NG 18,2024,1,8,16,0
CC NG 18,2024,1,29,23,1
CC NG 18,2024,1,30,23,0
CC NG 18,2024,3,25,7,1
CC NG 18,2024,3,26,7,0
CC NG 18,2024,3,28,12,1
CC NG 18,2024,3,29,12,0
CC NG 18,2024,4,12,11,1
CC NG 18,2024,4,13,11,0
CC NG 18,2024,4,24,20,1
CC NG 18,2024,4,25,20,0
CC NG 18,2024,5,8,11,1
CC NG 18,2024,5,9,11,0
CC NG 18,2024,6,9,7,1
CC NG 18,2024,6,10,7,0
CC NG 18,2024,7,2,24,1
CC NG 18,2024,7,3,24,0
CC NG 18,2024,8,16,9,1
CC NG 18,2024,8,17,9,0
CC NG 18,2024,9,10,12,1
CC NG 18,2024,9,11,12,0
CC NG 18,2024,10,30,22,1
CC NG 18,2024,10,31,22,0
CC NG 19,2023,12,31,24,0
CC NG 19,2024,3,2,7,1
CC NG 19,2024,3,3,7,0
CC NG 19,2024,3,7,9,1
CC NG 19,2024,3,8,9,0
CC NG 19,2024,3,23,6,1
CC NG 19,2024,3,24,6,0
CC NG 19,2024,4,24,9,1
CC NG 19,2024,4,25,9,0
CC NG 19,2024,5,5,3,1
CC NG 19,2024,5,6,3,0
CC NG 19,2024,5,7,16,1
CC NG 19,2024,5,8,16,0
CC NG 19,2024,6,16,18,1
CC NG 19,2024,6,17,18,0
CC NG 19,2024,6,30,13,1
CC NG 19,2024,7,1,13,0
CC NG 19,2024,9,3,20,1
CC NG 19,2024,9,4,20,0
CC NG 19,2024,9,24,2,1
CC NG 19,2024,9,25,2,0
CC NG 19,2024,10,2,8,1
CC NG 19,2024,10,3,8,0
CC NG 19,2024,12,5,5,1
CC NG 19,2024,12,6,5,0
CC NG 20,2023,12,31,24,0
CC NG 20,2024,1,4,10,1
CC NG 20,2024,1,5,10,0
CC NG 20,2024,3,18,9,1
CC NG 20,2024,3,19,9,0
CC NG 20,2024,4,13,18,1
CC NG 20,2024,4,14,18,0
CC NG 20,2024,7,28,8,1
CC NG 20,2024,7,29,8,0
CC NG 20,2024,8,9,10,1
CC NG 20,2024,8,10,10,0
CC NG 20,2024,8,24,2,1
CC NG 20,2024,8,25,2,0
CC NG 20,2024,9,21,18,1
CC NG 20,2024,9,22,18,0
CC NG 20,2024,10,21,6,1
CC NG 20,2024,10,22,6,0
CC NG 20,2024,11,8,8,1
CC NG 20,2024,11,9,8,0
CC NG 20,2024,11,30,11,1
CC NG 20,2024,12,1,11,0
CC NG 20,2024,12,8,15,1
CC NG 20,2024,12,9,15,0
CC NG 20,2024,12,26,8,1
CC NG 20,2024,12,27,8,0
CC NG 21,2023,12,31,24,0
CC NG 21,2024,1,4,15,1
CC NG 21,2024,1,5,15,0
CC NG 21,2024,3,12,7,1
CC NG 21,2024,3,13,7,0
CC NG 21,2024,5,16,6,1
CC NG 21,2024,5,17,6,0
CC NG 21,2024,6,12,17,1
CC NG 21,2024,6,13,17,0
CC NG 21,2024,8,3,8,1
CC NG 21,2024,8,4,8,0
CC NG 21,2024,8,9,18,1
CC NG 21,2024,8,10,18,0
CC NG 21,2024,8,18,13,1
CC NG 21,2024,8,19,13,0
CC NG 21,2024,9,1,23,1
CC NG 21,2024,9,2,23,0
CC NG 21,2024,9,25,12,1
CC NG 21,2024,9,26,12,0
CC NG 21,2024,11,13,11,1
CC NG 21,2024,11,14,11,0
CC NG 21,2024,11,15,6,1
CC NG 21,2024,11,16,6,0
CC NG 21,2024,12,4,17,1
CC NG 21,2024,12,5,17,0
CC NG 22,2023,12,31,24,0
CC NG 22,2024,3,5,9,1
CC NG 22,2024,3,6,9,0
CC NG 22,2024,3,25,5,1
CC NG 22,2024,3,26,5,0
CC NG 22,2024,4,20,11,1
CC NG 22,2024,4,21,11,0
CC NG 22,2024,5,15,23,1
CC NG 22,2024,5,16,23,0
CC NG 22,2024,6,14,8,1
CC NG 22,2024,6,15,8,0
CC NG 22,2024,6,23,20,1
CC NG 22,2024,6,24,20,0
CC NG 22,2024,7,12,15,1
CC NG 22,2024,7,13,15,0
CC NG 22,2024,8,14,21,1
CC NG 22,2024,8,15,21,0
CC NG 22,2024,10,16,23,1
CC NG 22,2024,10,17,23,0
CC NG 22,2024,12,7,18,1
CC NG 22,2024,12,8,18,0
CC NG 22,2024,12,10,8,1
CC NG 22,2024,12,11,8,0
CC NG 22,2024,12,17,7,1
CC NG 22,2024,12,18,7,0
CC NG 23,2023,12,31,24,0
CC NG 23,2024,2,23,14,1
CC NG 23,2024,2,24,14,0
CC NG 23,2024,3,12,19,1
CC NG 23,2024,3,13,19,0
CC NG 23,2024,3,15,18,1
CC NG 23,2024,3,16,18,0
CC NG 23,2024,3,27,17,1
CC NG 23,2024,3,28,17,0
CC NG 23,2024,4,29,7,1
CC NG 23,2024,4,30,7,0
CC NG 23,2024,6,20,13,1
CC NG 23,2024,6,21,13,0
CC NG 23,2024,7,5,5,1
CC NG 23,2024,7,6,5,0
CC NG 23,2024,9,5,14,1
CC NG 23,2024,9,6,14,0
CC NG 23,2024,10,12,16,1
CC NG 23,2024,10,13,16,0
CC NG 23,2024,11,27,19,1
CC NG 23,2024,11,28,19,0
CC NG 23,2024,12,2,6,1
CC NG 23,2024,12,3,6,0
CC NG 23,2024,12,29,10,1
CC NG 23,2024,12,30,10,0
CC NG 24,2023,12,31,24,0
CC NG 24,2024,2,12,15,1
CC NG 24,2024,2,13,15,0
CC NG 24,2024,2,26,21,1
CC NG 24,2024,2,27,21,0
CC NG 24,2024,3,15,13,1
CC NG 24,2024,3,16,13,0
CC NG 24,2024,3,25,10,1
CC NG 24,2024,3,26,10,0
CC NG 24,2024,5,10,23,1
CC NG 24,2024,5,11,23,0
CC NG 24,2024,6,6,14,1
CC NG 24,2024,6,7,14,0
CC NG 24,2024,6,28,10,1
CC NG 24,2024,6,29,10,0
CC NG 24,2024,7,10,6,1
CC NG 24,2024,7,11,6,0
CC NG 24,2024,8,26,15,1
CC NG 24,2024,8,27,15,0
CC NG 24,2024,10,4,24,1
CC NG 24,2024,10,5,24,0
CC NG 24,2024,10,10,12,1
CC NG 24,2024,10,11,12,0
CC NG 24,2024,10,25,8,1
CC NG 24,2024,10,26,8,0
CC NG 25,2023,12,31,24,0
CC NG 25,2024,1,9,19,1
CC NG 25,2024,1,10,19,0
CC NG 25,2024,3,15,2,1
CC NG 25,2024,3,16,2,0
CC NG 25,2024,4,5,20,1
CC NG 25,2024,4,6,20,0
CC NG 25,2024,6,12,15,1
CC NG 25,2024,6,13,15,0
CC NG 25,2024,7,29,9,1
CC NG 25,2024,7,30,9,0
CC NG 25,2024,7,31,16,1
CC NG 25,2024,8,1,16,0
CC NG 25,2024,9,10,18,1
CC NG 25,2024,9,11,18,0
CC NG 25,2024,9,21,15,1
CC NG 25,2024,9,22,15,0
CC NG 25,2024,9,23,11,1
CC NG 25,2024,9,24,11,0
CC NG 25,2024,10,11,12,1
CC NG 25,2024,10,12,12,0
CC NG 25,2024,10,30,23,1
CC NG 25,2024,10,31,23,0
CC NG 25,2024,11,11,9,1
CC NG 25,2024,11,12,9,0
CC NG 26,2023,12,31,24,0
CC NG 26,2024,2,10,15,1
CC NG 26,2024,2,11,15,0
CC NG 26,2024,3,1,20,1
CC NG 26,2024,3,2,20,0
CC NG 26,2024,3,13,4,1
CC NG 26,2024,3,14,4,0
CC NG 26,2024,4,8,15,1
CC NG 26,2024,4,9,15,0
CC NG 26,2024,4,13,3,1
CC NG 26,2024,4,14,3,0
CC NG 26,2024,4,17,12,1
CC NG 26,2024,4,18,12,0
CC NG 26,2024,5,17,21,1
CC NG 26,2024,5,18,21,0
CC NG 26,2024,6,10,5,1
CC NG 26,2024,6,11,5,0
CC NG 26,2024,8,23,18,1
CC NG 26,2024,8,24,18,0
CC NG 26,2024,10,7,11,1
CC NG 26,2024,10,8,11,0
CC NG 26,2024,11,30,9,1
CC NG 26,2024,12,1,9,0
CC NG 26,2024,12,2,16,1
CC NG 26,2024,12,3,16,0
CC NG 27,2023,12,31,24,0
CC NG 27,2024,1,11,24,1
CC NG 27,2024,1,12,24,0
CC NG 27,2024,1,16,19,1
CC NG 27,2024,1,17,19,0
CC NG 27,2024,1,18,6,1
CC NG 27,2024,1,19,6,0
CC NG 27,2024,2,7,14,1
CC NG 27,2024,2,8,14,0
CC NG 27,2024,2,10,17,1
CC NG 27,2024,2,11,17,0
CC NG 27,2024,2,21,21,1
CC NG 27,2024,2,22,21,0
CC NG 27,2024,4,29,13,1
CC NG 27,2024,4,30,13,0
CC NG 27,2024,5,14,13,1
CC NG 27,2024,5,15,13,0
CC NG 27,2024,5,17,5,1
CC NG 27,2024,5,18,5,0
CC NG 27,2024,7,22,20,1
CC NG 27,2024,7,23,20,0
CC NG 27,2024,11,26,22,1
CC NG 27,2024,11,27,22,0
CC NG 27,2024,12,26,9,1
CC NG 27,2024,12,27,9,0
CC NG 03,2023,12,31,24,0
CC NG 03,2024,1,24,21,1
CC NG 03,2024,1,25,21,0
CC NG 03,2024,2,16,11,1
CC NG 03,2024,2,17,11,0
CC NG 03,2024,3,7,23,1
CC NG 03,2024,3,8,23,0
CC NG 03,2024,3,27,7,1
CC NG 03,2024,3,28,7,0
CC NG 03,2024,6,19,10,1
CC NG 03,2024,6,20,10,0
CC NG 03,2024,6,30,12,1
CC NG 03,2024,7,1,12,0
CC NG 03,2024,7,5,21,1
CC NG 03,2024,7,6,21,0
CC NG 03,2024,8,2,3,1
CC NG 03,2024,8,3,3,0
CC NG 03,2024,9,4,16,1
CC NG 03,2024,9,5,16,0
CC NG 03,2024,9,14,22,1
CC NG 03,2024,9,15,22,0
CC NG 03,2024,11,14,18,1
CC NG 03,2024,11,15,18,0
CC NG 39,2023,12,31,24,0
CC NG 39,2024,3,14,7,1
CC NG 39,2024,3,15,7,0
CC NG 39,2024,3,26,4,1
CC NG 39,2024,3,27,4,0
CC NG 39,2024,4,18,13,1
CC NG 39,2024,4,19,13,0
CC NG 39,2024,7,12,22,1
CC NG 39,2024,7,13,22,0
CC NG 39,2024,7,16,14,1
CC NG 39,2024,7,17,14,0
CC NG 39,2024,9,6,5,1
CC NG 39,2024,9,7,5,0
CC NG 39,2024,9,11,17,1
CC NG 39,2024,9,12,17,0
CC NG 39,2024,9,29,2,1
CC NG 39,2024,9,30,2,0
CC NG 39,2024,10,27,14,1
CC NG 39,2024,10,28,14,0
CC NG 39,2024,11,23,10,1
CC NG 39,2024,11,24,10,0
CC NG 39,2024,11,28,8,1
CC NG 39,2024,11,29,8,0
CC NG 39,2024,11,29,20,1
CC NG 39,2024,11,30,20,0
CC NG 39,2024,12,7,15,1
CC NG 39,2024,12,8,15,0
CC NG 39,2024,12,9,15,1
CC NG 39,2024,12,10,15,0
CC NG 39,2024,12,22,13,1
CC NG 39,2024,12,23,13,0
CC NG 04,2023,12,31,24,0
CC NG 04,2024,1,16,20,1
CC NG 04,2024,1,17,20,0
CC NG 04,2024,2,22,6,1
CC NG 04,2024,2,23,6,0
CC NG 04,2024,7,5,11,1
CC NG 04,2024,7,6,11,0
CC NG 04,2024,7,8,16,1
CC NG 04,2024,7,9,16,0
CC NG 04,2024,7,14,12,1
CC NG 04,2024,7,15,12,0
CC NG 04,2024,7,20,18,1
CC NG 04,2024,7,21,18,0
CC NG 04,2024,8,18,15,1
CC NG 04,2024,8,19,15,0
CC NG 04,2024,9,15,1,1
CC NG 04,2024,9,16,1,0
CC NG 04,2024,10,18,14,1
CC NG 04,2024,10,19,14,0
CC NG 04,2024,10,24,3,1
CC NG 04,2024,10,25,3,0
CC NG 04,2024,12,25,19,1
CC NG 04,2024,12,26,19,0
CC NG 05,2023,12,31,24,0
CC NG 05,2024,1,2,15,1
CC NG 05,2024,1,3,15,0
CC NG 05,2024,1,18,16,1
CC NG 05,2024,1,19,16,0
CC NG 05,2024,2,8,18,1
CC NG 05,2024,2,9,18,0
CC NG 05,2024,4,28,13,1
CC NG 05,2024,4,29,13,0
CC NG 05,2024,5,14,8,1
CC NG 05,2024,5,15,8,0
CC NG 05,2024,5,26,9,1
CC NG 05,2024,5,27,9,0
CC NG 05,2024,10,8,14,1
CC NG 05,2024,10,9,14,0
CC NG 05,2024,10,20,3,1
CC NG 05,2024,10,21,3,0
CC NG 05,2024,11,18,10,1
CC NG 05,2024,11,19,10,0
CC NG 05,2024,11,30,9,1
CC NG 05,2024,12,1,9,0
CC NG 05,2024,12,5,2,1
CC NG 05,2024,12,6,2,0
CC NG 06,2023,12,31,24,0
CC NG 06,2024,1,5,21,1
CC NG 06,2024,1,6,21,0
CC NG 06,2024,1,13,5,1
CC NG 06,2024,1,14,5,0
CC NG 06,2024,5,22,15,1
CC NG 06,2024,5,23,15,0
CC NG 06,2024,7,24,10,1
CC NG 06,2024,7,25,10,0
CC NG 06,2024,8,14,15,1
CC NG 06,2024,8,15,15,0
CC NG 06,2024,8,29,14,1
CC NG 06,2024,8,30,14,0
CC NG 06,2024,9,3,4,1
CC NG 06,2024,9,4,4,0
CC NG 06,2024,9,16,8,1
CC NG 06,2024,9,17,8,0
CC NG 06,2024,11,18,22,1
CC NG 06,2024,11,19,22,0
CC NG 06,2024,11,24,21,1
CC NG 06,2024,11,25,21,0
CC NG 06,2024,12,10,16,1
CC NG 06,2024,12,11,16,0
CT NG 01,2023,12,31,24,0
CT NG 01,2024,3,14,10,1
CT NG 01,2024,3,16,14,0
CT NG 01,2024,4,19,6,1
CT NG 01,2024,4,21,10,0
CT NG 01,2024,5,1,18,1
CT NG 01,2024,5,3,22,0
CT NG 01,2024,8,16,9,1
CT NG 01,2024,8,18,13,0
CT NG 01,2024,9,13,18,1
CT NG 01,2024,9,15,22,0
CT NG 01,2024,10,20,13,1
CT NG 01,2024,10,22,17,0
CT NG 13,2023,12,31,24,0
CT NG 13,2024,2,19,18,1
CT NG 13,2024,2,21,22,0
CT NG 13,2024,6,22,13,1
CT NG 13,2024,6,24,17,0
CT NG 13,2024,8,16,12,1
CT NG 13,2024,8,18,16,0
CT NG 13,2024,11,26,19,1
CT NG 13,2024,11,28,23,0
CT NG 14,2023,12,31,24,0
CT NG 14,2024,1,1,16,1
CT NG 14,2024,1,3,20,0
CT NG 14,2024,5,19,13,1
CT NG 14,2024,5,21,17,0
CT NG 14,2024,8,23,10,1
CT NG 14,2024,8,25,14,0
CT NG 14,2024,12,22,9,1
CT NG 14,2024,12,24,13,0
CT NG 15,2023,12,31,24,0
CT NG 15,2024,2,6,13,1
CT NG 15,2024,2,8,17,0
CT NG 15,2024,4,28,5,1
CT NG 15,2024,4,30,9,0
CT NG 15,2024,8,17,8,1
CT NG 15,2024,8,19,12,0
CT NG 15,2024,10,24,6,1
CT NG 15,2024,10,26,10,0
CT NG 16,2023,12,31,24,0
CT NG 16,2024,2,27,12,1
CT NG 16,2024,2,29,16,0
CT NG 16,2024,3,5,13,1
CT NG 16,2024,3,7,17,0
CT NG 16,2024,5,7,13,1
CT NG 16,2024,5,9,17,0
CT NG 16,2024,5,28,1,1
CT NG 16,2024,5,30,5,0
CT NG 16,2024,6,23,8,1
CT NG 16,2024,6,25,12,0
CT NG 16,2024,8,5,11,1
CT NG 16,2024,8,7,15,0
CT NG 16,2024,11,15,6,1
CT NG 16,2024,11,17,10,0
CT NG 17,2023,12,31,24,0
CT NG 17,2024,1,18,11,1
CT NG 17,2024,1,20,15,0
CT NG 17,2024,2,5,12,1
CT NG 17,2024,2,7,16,0
CT NG 17,2024,2,29,18,1
CT NG 17,2024,3,2,22,0
CT NG 17,2024,11,24,11,1
CT NG 17,2024,11,26,15,0
CT NG 17,2024,12,1,14,1
CT NG 17,2024,12,3,18,0
CT NG 17,2024,12,22,19,1
CT NG 17,2024,12,24,23,0
CT NG 18,2023,12,31,24,0
CT NG 18,2024,3,12,15,1
CT NG 18,2024,3,14,19,0
CT NG 18,2024,3,18,12,1
CT NG 18,2024,3,20,16,0
CT NG 18,2024,3,25,7,1
CT NG 18,2024,3,27,11,0
CT NG 18,2024,8,27,12,1
CT NG 18,2024,8,29,16,0
CT NG 19,2023,12,31,24,0
CT NG 19,2024,2,2,14,1
CT NG 19,2024,2,4,18,0
CT NG 19,2024,5,2,4,1
CT NG 19,2024,5,4,8,0
CT NG 19,2024,7,5,9,1
CT NG 19,2024,7,7,13,0
CT NG 19,2024,12,4,12,1
CT NG 19,2024,12,6,16,0
CT NG 02,2023,12,31,24,0
CT NG 02,2024,1,19,9,1
CT NG 02,2024,1,21,13,0
CT NG 02,2024,2,25,15,1
CT NG 02,2024,2,27,19,0
CT NG 02,2024,7,25,3,1
CT NG 02,2024,7,27,7,0
CT NG 02,2024,8,16,4,1
CT NG 02,2024,8,18,8,0
CT NG 02,2024,10,3,10,1
CT NG 02,2024,10,5,14,0
CT NG 02,2024,12,21,14,1
CT NG 02,2024,12,23,18,0
CT NG 20,2023,12,31,24,0
CT NG 20,2024,1,30,14,1
CT NG 20,2024,2,1,18,0
CT NG 20,2024,2,4,19,1
CT NG 20,2024,2,6,23,0
CT NG 20,2024,6,15,4,1
CT NG 20,2024,6,17,8,0
CT NG 20,2024,11,22,9,1
CT NG 20,2024,11,24,13,0
CT NG 20,2024,11,26,5,1
CT NG 20,2024,11,28,9,0
CT NG 20,2024,12,22,8,1
CT NG 20,2024,12,24,12,0
CT NG 03,2023,12,31,24,0
CT NG 03,2024,2,25,17,1
CT NG 03,2024,2,27,21,0
CT NG 03,2024,4,24,16,1
CT NG 03,2024,4,26,20,0
CT NG 03,2024,6,15,8,1
CT NG 03,2024,6,17,12,0
CT NG 03,2024,8,29,17,1
CT NG 03,2024,8,31,21,0
CT NG 03,2024,10,16,17,1
CT NG 03,2024,10,18,21,0
CT NG 03,2024,10,23,17,1
CT NG 03,2024,10,25,21,0
CT NG 03,2024,11,9,13,1
CT NG 03,2024,11,11,17,0
CT NG 04,2023,12,31,24,0
CT NG 04,2024,2,16,19,1
CT NG 04,2024,2,18,23,0
CT NG 04,2024,7,20,9,1
CT NG 04,2024,7,22,13,0
CT NG 04,2024,8,11,11,1
CT NG 04,2024,8,13,15,0
CT NG 04,2024,8,30,7,1
CT NG 04,2024,9,1,11,0
CT NG 04,2024,10,28,11,1
CT NG 04,2024,10,30,15,0
CT NG 04,2024,12,4,14,1
CT NG 04,2024,12,6,18,0
CT NG 46,2023,12,31,24,0
CT NG 46,2024,3,29,11,1
CT NG 46,2024,3,31,13,0
CT NG 46,2024,4,28,13,1
CT NG 46,2024,4,30,15,0
CT NG 46,2024,5,8,16,1
CT NG 46,2024,5,10,18,0
CT NG 46,2024,8,17,9,1
CT NG 46,2024,8,19,11,0
CT NG 47,2023,12,31,24,0
CT NG 47,2024,1,24,11,1
CT NG 47,2024,1,26,13,0
CT NG 47,2024,8,25,14,1
CT NG 47,2024,8,27,16,0
CT NG 47,2024,8,29,14,1
CT NG 47,2024,8,31,16,0
CT NG 47,2024,11,21,12,1
CT NG 47,2024,11,23,14,0
CT NG 48,2023,12,31,24,0
CT NG 48,2024,1,6,17,1
CT NG 48,2024,1,8,19,0
CT NG 48,2024,2,29,11,1
CT NG 48,2024,3,2,13,0
CT NG 48,2024,7,12,11,1
CT NG 48,2024,7,14,13,0
CT NG 48,2024,10,4,21,1
CT NG 48,2024,10,6,23,0
CT NG 49,2023,12,31,24,0
CT NG 49,2024,2,3,12,1
CT NG 49,2024,2,5,14,0
CT NG 49,2024,5,1,7,1
CT NG 49,2024,5,3,9,0
CT NG 49,2024,11,9,18,1
CT NG 49,2024,11,11,20,0
CT NG 49,2024,11,17,8,1
CT NG 49,2024,11,19,10,0
CT NG 05,2023,12,31,24,0
CT NG 05,2024,2,19,5,1
CT NG 05,2024,2,21,9,0
CT NG 05,2024,3,13,9,1
CT NG 05,2024,3,15,13,0
CT NG 05,2024,4,6,8,1
CT NG 05,2024,4,8,12,0
CT NG 05,2024,5,23,5,1
CT NG 05,2024,5,25,9,0
CT NG 05,2024,5,31,24,1
CT NG 05,2024,6,3,4,0
CT NG 05,2024,8,16,7,1
CT NG 05,2024,8,18,11,0
CT NG 05,2024,9,2,9,1
CT NG 05,2024,9,4,13,0
CT NG 06,2023,12,31,24,0
CT NG 06,2024,6,14,16,1
CT NG 06,2024,6,16,20,0
CT NG 06,2024,6,22,8,1
CT NG 06,2024,6,24,12,0
CT NG 06,2024,7,17,22,1
CT NG 06,2024,7,20,2,0
CT NG 06,2024,8,23,21,1
CT NG 06,2024,8,26,1,0
CT NG 06,2024,11,3,11,1
CT NG 06,2024,11,5,15,0
CT NG 06,2024,11,20,9,1
CT NG 06,2024,11,22,13,0
CT NG 06,2024,12,14,10,1
CT NG 06,2024,12,16,14,0
CT NG 07,2023,12,31,24,0
CT NG 07,2024,1,7,24,1
CT NG 07,2024,1,10,4,0
CT NG 07,2024,7,28,8,1
CT NG 07,2024,7,30,12,0
CT NG 07,2024,10,15,17,1
CT NG 07,2024,10,17,21,0
CT NG 07,2024,10,24,11,1
CT NG 07,2024,10,26,15,0
CT NG 07,2024,11,3,10,1
CT NG 07,2024,11,5,14,0
CT NG 07,2024,11,13,9,1
CT NG 07,2024,11,15,13,0
CT NG 07,2024,11,23,5,1
CT NG 07,2024,11,25,9,0
CT NG 08,2023,12,31,24,0
CT NG 08,2024,5,11,10,1
CT NG 08,2024,5,13,14,0
CT NG 08,2024,6,20,9,1
CT NG 08,2024,6,22,13,0
CT NG 08,2024,11,17,2,1
CT NG 08,2024,11,19,6,0
CT NG 08,2024,11,21,17,1
CT NG 08,2024,11,23,21,0
CT Oil 01,2023,12,31,24,0
CT Oil 01,2024,3,12,6,1
CT Oil 01,2024,3,13,19,0
CT Oil 01,2024,3,27,4,1
CT Oil 01,2024,3,28,17,0
CT Oil 01,2024,4,3,18,1
CT Oil 01,2024,4,5,7,0
CT Oil 02,2023,12,31,24,0
CT Oil 02,2024,1,6,22,1
CT Oil 02,2024,1,8,11,0
CT Oil 02,2024,2,8,4,1
CT Oil 02,2024,2,9,17,0
CT Oil 02,2024,11,18,20,1
CT Oil 02,2024,11,20,9,0
CT Oil 02,2024,12,29,9,1
CT Oil 02,2024,12,30,22,0
CT Oil 03,2023,12,31,24,0
CT Oil 03,2024,1,29,20,1
CT Oil 03,2024,1,31,9,0
CT Oil 03,2024,3,7,9,1
CT Oil 03,2024,3,8,22,0
CT Oil 03,2024,8,28,22,1
CT Oil 03,2024,8,30,11,0
Hydro 16,2023,12,31,24,0
Solar 01,2023,12,31,24,0
Solar 10,2023,12,31,24,0
Solar 11,2023,12,31,24,0
Solar 12,2023,12,31,24,0
Solar 13,2023,12,31,24,0
Solar 14,2023,12,31,24,0
Solar 15,2023,12,31,24,0
Solar 16,2023,12,31,24,0
Solar 17,2023,12,31,24,0
Solar 18,2023,12,31,24,0
Solar 19,2023,12,31,24,0
Solar 20,2023,12,31,24,0
Solar 21,2023,12,31,24,0
Solar 22,2023,12,31,24,0
Solar 23,2023,12,31,24,0
Solar 24,2023,12,31,24,0
Solar 25,2023,12,31,24,0
Solar 26,2023,12,31,24,0
Solar 27,2023,12,31,24,0
Solar 28,2023,12,31,24,0
Solar 29,2023,12,31,24,0
Solar 30,2023,12,31,24,0
Solar 04,2023,12,31,24,0
Solar 05,2023,12,31,24,0
Solar 06,2023,12,31,24,0
Solar 63,2023,12,31,24,0
Solar 64,2023,12,31,24,0
Solar 65,2023,12,31,24,0
Solar 66,2023,12,31,24,0
Solar 67,2023,12,31,24,0
Solar 07,2023,12,31,24,0
Solar 08,2023,12,31,24,0
Solar 09,2023,12,31,24,0
ST Coal 01,2023,12,31,24,0
ST Coal 01,2024,2,17,17,1
ST Coal 01,2024,2,19,6,0
ST Coal 01,2024,3,2,20,1
ST Coal 01,2024,3,4,9,0
ST Coal 01,2024,3,6,21,1
ST Coal 01,2024,3,8,10,0
ST Coal 01,2024,4,4,10,1
ST Coal 01,2024,4,5,23,0
ST Coal 01,2024,4,17,11,1
ST Coal 01,2024,4,18,24,0
ST Coal 01,2024,4,19,21,1
ST Coal 01,2024,4,21,10,0
ST Coal 01,2024,4,26,13,1
ST Coal 01,2024,4,28,2,0
ST Coal 01,2024,4,29,21,1
ST Coal 01,2024,5,1,10,0
ST Coal 01,2024,5,27,22,1
ST Coal 01,2024,5,29,11,0
ST Coal 01,2024,6,16,7,1
ST Coal 01,2024,6,17,20,0
ST Coal 01,2024,7,1,13,1
ST Coal 01,2024,7,3,2,0
ST Coal 01,2024,7,3,19,1
ST Coal 01,2024,7,5,8,0
ST Coal 01,2024,7,17,24,1
ST Coal 01,2024,7,19,13,0
ST Coal 01,2024,8,24,15,1
ST Coal 01,2024,8,26,4,0
ST Coal 01,2024,9,10,9,1
ST Coal 01,2024,9,11,22,0
ST Coal 01,2024,10,16,3,1
ST Coal 01,2024,10,17,16,0
ST Coal 01,2024,10,20,22,1
ST Coal 01,2024,10,22,11,0
ST Coal 01,2024,10,24,2,1
ST Coal 01,2024,10,25,15,0
ST NG 04,2023,12,31,24,0
ST NG 04,2024,1,6,5,1
ST NG 04,2024,1,7,22,0
ST NG 04,2024,1,17,20,1
ST NG 04,2024,1,19,13,0
ST NG 04,2024,5,14,17,1
ST NG 04,2024,5,16,10,0
ST NG 04,2024,5,31,19,1
ST NG 04,2024,6,2,12,0
ST NG 04,2024,6,12,10,1
ST NG 04,2024,6,14,3,0
ST NG 04,2024,8,18,18,1
ST NG 04,2024,8,20,11,0
ST NG 04,2024,12,10,4,1
ST NG 04,2024,12,11,21,0
ST NG 04,2024,12,19,13,1
ST NG 04,2024,12,21,6,0
ST NG 05,2023,12,31,24,0
ST NG 05,2024,2,5,23,1
ST NG 05,2024,2,7,16,0
ST NG 05,2024,5,25,17,1
ST NG 05,2024,5,27,10,0
ST NG 05,2024,7,19,19,1
ST NG 05,2024,7,21,12,0
ST NG 05,2024,8,28,15,1
ST NG 05,2024,8,30,8,0
ST NG 05,2024,9,21,12,1
ST NG 05,2024,9,23,5,0
ST NG 05,2024,10,11,9,1
ST NG 05,2024,10,13,2,0
ST NG 05,2024,11,3,8,1
ST NG 05,2024,11,5,1,0
ST NG 05,2024,11,27,12,1
ST NG 05,2024,11,29,5,0
ST NG 05,2024,12,27,12,1
ST NG 05,2024,12,29,5,0
ST Other 01,2023,12,31,24,0
ST Other 01,2024,1,5,22,1
ST Other 01,2024,1,7,15,0
ST Other 01,2024,3,28,13,1
ST Other 01,2024,3,30,6,0
ST Other 01,2024,4,15,6,1
ST Other 01,2024,4,16,23,0
ST Other 01,2024,7,6,14,1
ST Other 01,2024,7,8,7,0
ST Other 01,2024,10,8,18,1
ST Other 01,2024,10,10,11,0
ST Other 01,2024,11,5,4,1
ST Other 01,2024,11,6,21,0
ST Other 01,2024,12,11,21,1
ST Other 01,2024,12,13,14,0
ST Other 02,2023,12,31,24,0
ST Other 02,2024,1,28,10,1
ST Other 02,2024,1,29,23,0
ST Other 02,2024,2,25,15,1
ST Other 02,2024,2,27,4,0
ST Other 02,2024,3,10,21,1
ST Other 02,2024,3,12,10,0
ST Other 02,2024,8,23,9,1
ST Other 02,2024,8,24,22,0
ST Other 02,2024,10,3,20,1
ST Other 02,2024,10,5,9,0
ST Other 02,2024,10,13,23,1
ST Other 02,2024,10,15,12,0
ST Other 02,2024,12,26,5,1
ST Other 02,2024,12,27,18,0
Wind 01,2023,12,31,24,0
Wind 10,2023,12,31,24,0
Wind 11,2023,12,31,24,0
Wind 12,2023,12,31,24,0
Wind 13,2023,12,31,24,0
Wind 02,2023,12,31,24,0
Wind 03,2023,12,31,24,0
Wind 04,2023,12,31,24,0
Wind 05,2023,12,31,24,0
Wind 06,2023,12,31,24,0
Wind 07,2023,12,31,24,0
Wind 08,2023,12,31,24,0
Wind 09,2023,12,31,24,0
Biomass 62,2023,12,31,24,0
Biomass 62,2024,1,25,18,1
Biomass 62,2024,1,27,8,0
Biomass 62,2024,2,25,24,1
Biomass 62,2024,2,27,14,0
Biomass 62,2024,4,13,17,1
Biomass 62,2024,4,15,7,0
Biomass 62,2024,6,11,8,1
Biomass 62,2024,6,12,22,0
Biomass 62,2024,7,14,14,1
Biomass 62,2024,7,16,4,0
Biomass 62,2024,9,25,10,1
Biomass 62,2024,9,26,24,0
Biomass 62,2024,11,11,20,1
Biomass 62,2024,11,13,10,0
CC NG 10,2023,12,31,24,0
CC NG 10,2024,1,26,22,1
CC NG 10,2024,1,27,22,0
CC NG 10,2024,2,13,7,1
CC NG 10,2024,2,14,7,0
CC NG 10,2024,3,25,19,1
CC NG 10,2024,3,26,19,0
CC NG 10,2024,3,31,16,1
CC NG 10,2024,4,1,16,0
CC NG 10,2024,4,20,9,1
CC NG 10,2024,4,21,9,0
CC NG 10,2024,6,13,22,1
CC NG 10,2024,6,14,22,0
CC NG 10,2024,6,26,11,1
CC NG 10,2024,6,27,11,0
CC NG 10,2024,8,25,15,1
CC NG 10,2024,8,26,15,0
CC NG 10,2024,9,20,2,1
CC NG 10,2024,9,21,2,0
CC NG 10,2024,11,8,11,1
CC NG 10,2024,11,9,11,0
CC NG 10,2024,12,30,18,1
CC NG 10,2024,12,31,18,0
CC NG 11,2023,12,31,24,0
CC NG 11,2024,1,25,21,1
CC NG 11,2024,1,26,21,0
CC NG 11,2024,2,11,5,1
CC NG 11,2024,2,12,5,0
CC NG 11,2024,3,29,18,1
CC NG 11,2024,3,30,18,0
CC NG 11,2024,4,29,4,1
CC NG 11,2024,4,30,4,0
CC NG 11,2024,5,21,18,1
CC NG 11,2024,5,22,18,0
CC NG 11,2024,7,19,19,1
CC NG 11,2024,7,20,19,0
CC NG 11,2024,7,22,14,1
CC NG 11,2024,7,23,14,0
CC NG 11,2024,9,1,20,1
CC NG 11,2024,9,2,20,0
CC NG 11,2024,10,24,20,1
CC NG 11,2024,10,25,20,0
CC NG 11,2024,12,7,11,1
CC NG 11,2024,12,8,11,0
CC NG 11,2024,12,22,5,1
CC NG 11,2024,12,23,5,0
CC NG 12,2023,12,31,24,0
CC NG 12,2024,1,7,12,1
CC NG 12,2024,1,8,12,0
CC NG 12,2024,3,19,5,1
CC NG 12,2024,3,20,5,0
CC NG 12,2024,4,27,3,1
CC NG 12,2024,4,28,3,0
CC NG 12,2024,5,19,15,1
CC NG 12,2024,5,20,15,0
CC NG 12,2024,6,9,18,1
CC NG 12,2024,6,10,18,0
CC NG 12,2024,7,20,8,1
CC NG 12,2024,7,21,8,0
CC NG 12,2024,9,2,6,1
CC NG 12,2024,9,3,6,0
CC NG 12,2024,9,7,21,1
CC NG 12,2024,9,8,21,0
CC NG 12,2024,11,2,20,1
CC NG 12,2024,11,3,20,0
CC NG 12,2024,12,21,13,1
CC NG 12,2024,12,22,13,0
CC NG 12,2024,12,28,5,1
CC NG 12,2024,12,29,5,0
CC NG 14,2023,12,31,24,0
CC NG 14,2024,1,1,16,1
CC NG 14,2024,1,2,16,0
CC NG 14,2024,5,2,20,1
CC NG 14,2024,5,3,20,0
CC NG 14,2024,6,15,20,1
CC NG 14,2024,6,16,20,0
CC NG 14,2024,6,22,16,1
CC NG 14,2024,6,23,16,0
CC NG 14,2024,7,7,3,1
CC NG 14,2024,7,8,3,0
CC NG 14,2024,7,24,18,1
CC NG 14,2024,7,25,18,0
CC NG 14,2024,8,22,11,1
CC NG 14,2024,8,23,11,0
CC NG 14,2024,11,3,18,1
CC NG 14,2024,11,4,18,0
CC NG 14,2024,11,18,15,1
CC NG 14,2024,11,19,15,0
CC NG 14,2024,11,27,9,1
CC NG 14,2024,11,28,9,0
CC NG 14,2024,12,19,19,1
CC NG 14,2024,12,20,19,0
CC NG 15,2023,12,31,24,0
CC NG 15,2024,1,31,4,1
CC NG 15,2024,2,1,4,0
CC NG 15,2024,3,6,22,1
CC NG 15,2024,3,7,22,0
CC NG 15,2024,5,1,19,1
CC NG 15,2024,5,2,19,0
CC NG 15,2024,5,3,15,1
CC NG 15,2024,5,4,15,0
CC NG 15,2024,7,4,15,1
CC NG 15,2024,7,5,15,0
CC NG 15,2024,8,7,16,1
CC NG 15,2024,8,8,16,0
CC NG 15,2024,8,11,17,1
CC NG 15,2024,8,12,17,0
CC NG 15,2024,8,13,8,1
CC NG 15,2024,8,14,8,0
CC NG 15,2024,9,17,9,1
CC NG 15,2024,9,18,9,0
CC NG 15,2024,9,22,17,1
CC NG 15,2024,9,23,17,0
CC NG 15,2024,12,13,17,1
CC NG 15,2024,12,14,17,0
CC NG 37,2023,12,31,24,0
CC NG 37,2024,1,4,16,1
CC NG 37,2024,1,5,16,0
CC NG 37,2024,1,25,10,1
CC NG 37,2024,1,26,10,0
CC NG 37,2024,3,25,21,1
CC NG 37,2024,3,26,21,0
CC NG 37,2024,4,16,23,1
CC NG 37,2024,4,17,23,0
CC NG 37,2024,4,24,3,1
CC NG 37,2024,4,25,3,0
CC NG 37,2024,6,2,20,1
CC NG 37,2024,6,3,20,0
CC NG 37,2024,7,13,20,1
CC NG 37,2024,7,14,20,0
CC NG 37,2024,8,15,3,1
CC NG 37,2024,8,16,3,0
CC NG 37,2024,9,11,19,1
CC NG 37,2024,9,12,19,0
CC NG 37,2024,9,28,5,1
CC NG 37,2024,9,29,5,0
CC NG 37,2024,10,18,11,1
CC NG 37,2024,10,19,11,0
CC NG 37,2024,11,6,9,1
CC NG 37,2024,11,7,9,0
CC NG 38,2023,12,31,24,0
CC NG 38,2024,1,11,1,1
CC NG 38,2024,1,12,1,0
CC NG 38,2024,4,10,18,1
CC NG 38,2024,4,11,18,0
CC NG 38,2024,4,27,11,1
CC NG 38,2024,4,28,11,0
CC NG 38,2024,5,31,9,1
CC NG 38,2024,6,1,9,0
CC NG 38,2024,6,3,13,1
CC NG 38,2024,6,4,13,0
CC NG 38,2024,7,29,1,1
CC NG 38,2024,7,30,1,0
CC NG 38,2024,8,31,14,1
CC NG 38,2024,9,1,14,0
CC NG 38,2024,9,12,16,1
CC NG 38,2024,9,13,16,0
CC NG 38,2024,9,20,10,1
CC NG 38,2024,9,21,10,0
CC NG 38,2024,10,16,13,1
CC NG 38,2024,10,17,13,0
CC NG 38,2024,11,23,12,1
CC NG 38,2024,11,24,12,0
CC NG 38,2024,12,4,24,1
CC NG 38,2024,12,5,24,0
CT NG 41,2023,12,31,24,0
CT NG 41,2024,2,29,8,1
CT NG 41,2024,3,2,12,0
CT NG 41,2024,3,23,9,1
CT NG 41,2024,3,25,13,0
CT NG 41,2024,6,27,6,1
CT NG 41,2024,6,29,10,0
CT NG 41,2024,7,30,7,1
CT NG 41,2024,8,1,11,0
CT NG 41,2024,8,6,12,1
CT NG 41,2024,8,8,16,0
CT NG 41,2024,9,25,15,1
CT NG 41,2024,9,27,19,0
CT NG 41,2024,9,28,7,1
CT NG 41,2024,9,30,11,0
CT NG 41,2024,9,30,15,1
CT NG 41,2024,10,2,19,0
CT NG 42,2023,12,31,24,0
CT NG 42,2024,1,4,11,1
CT NG 42,2024,1,6,15,0
CT NG 42,2024,1,16,16,1
CT NG 42,2024,1,18,20,0
CT NG 42,2024,5,27,16,1
CT NG 42,2024,5,29,20,0
CT NG 43,2023,12,31,24,0
CT NG 43,2024,2,24,7,1
CT NG 43,2024,2,26,11,0
CT NG 43,2024,5,10,6,1
CT NG 43,2024,5,12,10,0
CT NG 43,2024,5,19,16,1
CT NG 43,2024,5,21,20,0
CT NG 43,2024,7,21,16,1
CT NG 43,2024,7,23,20,0
CT NG 43,2024,8,9,10,1
CT NG 43,2024,8,11,14,0
CT NG 43,2024,10,26,8,1
CT NG 43,2024,10,28,12,0
CT NG 43,2024,11,26,16,1
CT NG 43,2024,11,28,20,0
CT NG 43,2024,12,16,17,1
CT NG 43,2024,12,18,21,0
CT NG 44,2023,12,31,24,0
CT NG 44,2024,3,23,11,1
CT NG 44,2024,3,25,15,0
CT NG 44,2024,3,27,18,1
CT NG 44,2024,3,29,22,0
CT NG 44,2024,5,14,18,1
CT NG 44,2024,5,16,22,0
CT NG 44,2024,5,26,6,1
CT NG 44,2024,5,28,10,0
CT NG 45,2023,12,31,24,0
CT NG 45,2024,2,15,14,1
CT NG 45,2024,2,17,18,0
CT NG 45,2024,5,3,10,1
CT NG 45,2024,5,5,14,0
CT NG 45,2024,5,6,21,1
CT NG 45,2024,5,9,1,0
CT NG 45,2024,10,9,5,1
CT NG 45,2024,10,11,9,0
CT NG 74,2023,12,31,24,0
CT NG 74,2024,1,24,8,1
CT NG 74,2024,1,26,10,0
CT NG 74,2024,3,24,20,1
CT NG 74,2024,3,26,22,0
CT NG 74,2024,4,12,12,1
CT NG 74,2024,4,14,14,0
CT NG 74,2024,4,15,20,1
CT NG 74,2024,4,17,22,0
CT NG 74,2024,8,20,15,1
CT NG 74,2024,8,22,17,0
CT NG 74,2024,10,7,10,1
CT NG 74,2024,10,9,12,0
CT NG 74,2024,11,20,24,1
CT NG 74,2024,11,23,2,0
CT NG 75,2023,12,31,24,0
CT NG 75,2024,10,4,5,1
CT NG 75,2024,10,6,7,0
CT NG 75,2024,10,13,22,1
CT NG 75,2024,10,15,24,0
CT NG 75,2024,11,3,8,1
CT NG 75,2024,11,5,10,0
CT Oil 04,2023,12,31,24,0
CT Oil 04,2024,4,8,15,1
CT Oil 04,2024,4,10,4,0
CT Oil 04,2024,5,30,23,1
CT Oil 04,2024,6,1,12,0
CT Oil 04,2024,7,11,12,1
CT Oil 04,2024,7,13,1,0
CT Oil 04,2024,9,15,20,1
CT Oil 04,2024,9,17,9,0
CT Oil 04,2024,11,1,4,1
CT Oil 04,2024,11,2,17,0
CT Oil 05,2023,12,31,24,0
CT Oil 05,2024,4,5,8,1
CT Oil 05,2024,4,6,21,0
CT Oil 05,2024,4,23,4,1
CT Oil 05,2024,4,24,17,0
CT Oil 05,2024,5,22,21,1
CT Oil 05,2024,5,24,10,0
CT Oil 05,2024,7,13,18,1
CT Oil 05,2024,7,15,7,0
CT Oil 05,2024,8,19,4,1
CT Oil 05,2024,8,20,17,0
Hydro 01,2023,12,31,24,0
Hydro 10,2023,12,31,24,0
Hydro 11,2023,12,31,24,0
Hydro 12,2023,12,31,24,0
Hydro 13,2023,12,31,24,0
Hydro 14,2023,12,31,24,0
Hydro 15,2023,12,31,24,0
Hydro 19,2023,12,31,24,0
Hydro 02,2023,12,31,24,0
Hydro 20,2023,12,31,24,0
Hydro 21,2023,12,31,24,0
Hydro 22,2023,12,31,24,0
Hydro 23,2023,12,31,24,0
Hydro 24,2023,12,31,24,0
Hydro 25,2023,12,31,24,0
Hydro 26,2023,12,31,24,0
Hydro 27,2023,12,31,24,0
Hydro 28,2023,12,31,24,0
Hydro 29,2023,12,31,24,0
Hydro 03,2023,12,31,24,0
Hydro 30,2023,12,31,24,0
Hydro 32,2023,12,31,24,0
Hydro 33,2023,12,31,24,0
Hydro 34,2023,12,31,24,0
Hydro 35,2023,12,31,24,0
Hydro 36,2023,12,31,24,0
Hydro 37,2023,12,31,24,0
Hydro 38,2023,12,31,24,0
Hydro 39,2023,12,31,24,0
Hydro 04,2023,12,31,24,0
Hydro 40,2023,12,31,24,0
Hydro 41,2023,12,31,24,0
Hydro 42,2023,12,31,24,0
Hydro 43,2023,12,31,24,0
Hydro 05,2023,12,31,24,0
Hydro 06,2023,12,31,24,0
Hydro 07,2023,12,31,24,0
Hydro 08,2023,12,31,24,0
Hydro 09,2023,12,31,24,0
ICE NG 02,2023,12,31,24,0
ICE NG 02,2024,1,20,9,1
ICE NG 02,2024,1,21,22,0
ICE NG 02,2024,2,25,18,1
ICE NG 02,2024,2,27,7,0
ICE NG 02,2024,3,10,12,1
ICE NG 02,2024,3,12,1,0
ICE NG 02,2024,5,3,20,1
ICE NG 02,2024,5,5,9,0
ICE NG 02,2024,5,14,21,1
ICE NG 02,2024,5,16,10,0
ICE NG 02,2024,8,17,10,1
ICE NG 02,2024,8,18,23,0
ICE NG 02,2024,10,2,10,1
ICE NG 02,2024,10,3,23,0
ICE NG 02,2024,12,21,16,1
ICE NG 02,2024,12,23,5,0
ICE NG 03,2023,12,31,24,0
ICE NG 03,2024,2,25,6,1
ICE NG 03,2024,2,26,19,0
ICE NG 03,2024,3,12,18,1
ICE NG 03,2024,3,14,7,0
ICE NG 03,2024,4,23,15,1
ICE NG 03,2024,4,25,4,0
ICE NG 03,2024,4,27,14,1
ICE NG 03,2024,4,29,3,0
ICE NG 03,2024,5,23,9,1
ICE NG 03,2024,5,24,22,0
ICE NG 03,2024,7,16,8,1
ICE NG 03,2024,7,17,21,0
ICE NG 03,2024,12,25,5,1
ICE NG 03,2024,12,26,18,0
ICE NG 04,2023,12,31,24,0
ICE NG 04,2024,2,11,19,1
ICE NG 04,2024,2,13,8,0
ICE NG 04,2024,3,8,4,1
ICE NG 04,2024,3,9,17,0
ICE NG 04,2024,5,25,20,1
ICE NG 04,2024,5,27,9,0
ICE NG 04,2024,6,6,10,1
ICE NG 04,2024,6,7,23,0
ICE NG 04,2024,7,13,2,1
ICE NG 04,2024,7,14,15,0
ICE NG 04,2024,8,13,24,1
ICE NG 04,2024,8,15,13,0
ICE NG 04,2024,12,19,19,1
ICE NG 04,2024,12,21,8,0
ICE NG 05,2023,12,31,24,0
ICE NG 05,2024,3,13,8,1
ICE NG 05,2024,3,14,21,0
ICE NG 05,2024,6,19,16,1
ICE NG 05,2024,6,21,5,0
ICE NG 05,2024,7,18,17,1
ICE NG 05,2024,7,20,6,0
ICE NG 05,2024,8,25,10,1
ICE NG 05,2024,8,26,23,0
ICE NG 05,2024,8,28,22,1
ICE NG 05,2024,8,30,11,0
ICE NG 05,2024,11,28,22,1
ICE NG 05,2024,11,30,11,0
ICE NG 05,2024,12,10,19,1
ICE NG 05,2024,12,12,8,0
ICE NG 06,2023,12,31,24,0
ICE NG 06,2024,2,20,21,1
ICE NG 06,2024,2,22,10,0
ICE NG 06,2024,4,1,17,1
ICE NG 06,2024,4,3,6,0
ICE NG 06,2024,6,11,20,1
ICE NG 06,2024,6,13,9,0
ICE NG 06,2024,8,2,22,1
ICE NG 06,2024,8,4,11,0
ICE NG 06,2024,10,10,19,1
ICE NG 06,2024,10,12,8,0
ICE NG 06,2024,10,30,4,1
ICE NG 06,2024,10,31,17,0
ICE NG 06,2024,11,29,11,1
ICE NG 06,2024,11,30,24,0
ICE NG 07,2023,12,31,24,0
ICE NG 07,2024,7,1,17,1
ICE NG 07,2024,7,3,6,0
ICE NG 07,2024,7,18,6,1
ICE NG 07,2024,7,19,19,0
ICE NG 07,2024,8,13,20,1
ICE NG 07,2024,8,15,9,0
ICE NG 07,2024,9,18,24,1
ICE NG 07,2024,9,20,13,0
ICE NG 07,2024,9,24,9,1
ICE NG 07,2024,9,25,22,0
ICE NG 07,2024,10,8,9,1
ICE NG 07,2024,10,9,22,0
ICE NG 07,2024,12,25,13,1
ICE NG 07,2024,12,27,2,0
Solar 03,2023,12,31,24,0
Solar 62,2023,12,31,24,0
Solar 73,2023,12,31,24,0
Solar 74,2023,12,31,24,0
Solar 75,2023,12,31,24,0
Geo 01,2023,12,31,24,0
Geo 01,2024,1,22,19,1
Geo 01,2024,1,23,19,0
Geo 01,2024,1,28,17,1
Geo 01,2024,1,29,17,0
Geo 01,2024,2,26,8,1
Geo 01,2024,2,27,8,0
Geo 01,2024,4,25,20,1
Geo 01,2024,4,26,20,0
Geo 01,2024,5,3,7,1
Geo 01,2024,5,4,7,0
Geo 01,2024,5,27,21,1
Geo 01,2024,5,28,21,0
Geo 01,2024,6,6,11,1
Geo 01,2024,6,7,11,0
Geo 01,2024,6,26,5,1
Geo 01,2024,6,27,5,0
Geo 01,2024,7,5,15,1
Geo 01,2024,7,6,15,0
Geo 01,2024,7,19,5,1
Geo 01,2024,7,20,5,0
Geo 01,2024,9,22,14,1
Geo 01,2024,9,23,14,0
Geo 01,2024,10,12,3,1
Geo 01,2024,10,13,3,0
Biomass 03,2023,12,31,24,0
Biomass 03,2024,2,3,14,1
Biomass 03,2024,2,5,4,0
Biomass 03,2024,5,21,20,1
Biomass 03,2024,5,23,10,0
Biomass 03,2024,8,7,7,1
Biomass 03,2024,8,8,21,0
Biomass 03,2024,8,31,15,1
Biomass 03,2024,9,2,5,0
Biomass 03,2024,9,8,20,1
Biomass 03,2024,9,10,10,0
Biomass 03,2024,9,23,19,1
Biomass 03,2024,9,25,9,0
Biomass 03,2024,10,25,7,1
Biomass 03,2024,10,26,21,0
Biomass 03,2024,12,18,20,1
Biomass 03,2024,12,20,10,0
Biomass 33,2023,12,31,24,0
Biomass 33,2024,2,4,15,1
Biomass 33,2024,2,6,5,0
Biomass 33,2024,2,7,14,1
Biomass 33,2024,2,9,4,0
Biomass 33,2024,6,29,14,1
Biomass 33,2024,7,1,4,0
Biomass 33,2024,7,4,17,1
Biomass 33,2024,7,6,7,0
Biomass 33,2024,7,23,9,1
Biomass 33,2024,7,24,23,0
Biomass 33,2024,10,16,20,1
Biomass 33,2024,10,18,10,0
Biomass 33,2024,11,11,22,1
Biomass 33,2024,11,13,12,0
Biomass 34,2023,12,31,24,0
Biomass 34,2024,2,8,9,1
Biomass 34,2024,2,9,23,0
Biomass 34,2024,3,26,21,1
Biomass 34,2024,3,28,11,0
Biomass 34,2024,4,25,20,1
Biomass 34,2024,4,27,10,0
Biomass 34,2024,5,29,18,1
Biomass 34,2024,5,31,8,0
Biomass 34,2024,6,2,18,1
Biomass 34,2024,6,4,8,0
Biomass 34,2024,8,12,10,1
Biomass 34,2024,8,13,24,0
Biomass 34,2024,8,16,17,1
Biomass 34,2024,8,18,7,0
Biomass 35,2023,12,31,24,0
Biomass 35,2024,2,5,21,1
Biomass 35,2024,2,7,11,0
Biomass 35,2024,5,18,1,1
Biomass 35,2024,5,19,15,0
Biomass 35,2024,6,8,16,1
Biomass 35,2024,6,10,6,0
Biomass 35,2024,7,14,5,1
Biomass 35,2024,7,15,19,0
Biomass 35,2024,9,23,22,1
Biomass 35,2024,9,25,12,0
Biomass 35,2024,9,26,16,1
Biomass 35,2024,9,28,6,0
Biomass 35,2024,10,1,16,1
Biomass 35,2024,10,3,6,0
Biomass 35,2024,11,19,14,1
Biomass 35,2024,11,21,4,0
Biomass 36,2023,12,31,24,0
Biomass 36,2024,1,18,13,1
Biomass 36,2024,1,20,3,0
Biomass 36,2024,4,30,16,1
Biomass 36,2024,5,2,6,0
Biomass 36,2024,5,7,11,1
Biomass 36,2024,5,9,1,0
Biomass 36,2024,6,9,16,1
Biomass 36,2024,6,11,6,0
Biomass 36,2024,7,28,19,1
Biomass 36,2024,7,30,9,0
Biomass 36,2024,12,5,8,1
Biomass 36,2024,12,6,22,0
Biomass 36,2024,12,24,16,1
Biomass 36,2024,12,26,6,0
Biomass 37,2023,12,31,24,0
Biomass 37,2024,1,15,18,1
Biomass 37,2024,1,17,8,0
Biomass 37,2024,1,31,20,1
Biomass 37,2024,2,2,10,0
Biomass 37,2024,4,21,13,1
Biomass 37,2024,4,23,3,0
Biomass 37,2024,5,18,19,1
Biomass 37,2024,5,20,9,0
Biomass 37,2024,6,28,13,1
Biomass 37,2024,6,30,3,0
Biomass 37,2024,9,19,19,1
Biomass 37,2024,9,21,9,0
Biomass 37,2024,9,26,22,1
Biomass 37,2024,9,28,12,0
Biomass 37,2024,12,19,3,1
Biomass 37,2024,12,20,17,0
Biomass 38,2023,12,31,24,0
Biomass 38,2024,1,2,19,1
Biomass 38,2024,1,4,9,0
Biomass 38,2024,2,9,20,1
Biomass 38,2024,2,11,10,0
Biomass 38,2024,4,21,9,1
Biomass 38,2024,4,22,23,0
Biomass 38,2024,4,23,22,1
Biomass 38,2024,4,25,12,0
Biomass 38,2024,7,8,14,1
Biomass 38,2024,7,10,4,0
Biomass 38,2024,8,14,12,1
Biomass 38,2024,8,16,2,0
Biomass 38,2024,12,13,5,1
Biomass 38,2024,12,14,19,0
Biomass 39,2023,12,31,24,0
Biomass 39,2024,2,12,8,1
Biomass 39,2024,2,13,22,0
Biomass 39,2024,2,21,10,1
Biomass 39,2024,2,22,24,0
Biomass 39,2024,2,29,17,1
Biomass 39,2024,3,2,7,0
Biomass 39,2024,4,7,14,1
Biomass 39,2024,4,9,4,0
Biomass 39,2024,5,25,20,1
Biomass 39,2024,5,27,10,0
Biomass 39,2024,7,2,2,1
Biomass 39,2024,7,3,16,0
Biomass 39,2024,10,6,18,1
Biomass 39,2024,10,8,8,0
Biomass 39,2024,10,16,20,1
Biomass 39,2024,10,18,10,0
Biomass 04,2023,12,31,24,0
Biomass 04,2024,3,21,2,1
Biomass 04,2024,3,22,16,0
Biomass 04,2024,3,28,23,1
Biomass 04,2024,3,30,13,0
Biomass 04,2024,5,13,4,1
Biomass 04,2024,5,14,18,0
Biomass 04,2024,6,16,17,1
Biomass 04,2024,6,18,7,0
Biomass 04,2024,7,19,12,1
Biomass 04,2024,7,21,2,0
Biomass 04,2024,11,11,19,1
Biomass 04,2024,11,13,9,0
Biomass 04,2024,12,20,19,1
Biomass 04,2024,12,22,9,0
Biomass 40,2023,12,31,24,0
Biomass 40,2024,1,1,23,1
Biomass 40,2024,1,3,13,0
Biomass 40,2024,4,2,9,1
Biomass 40,2024,4,3,23,0
Biomass 40,2024,4,27,23,1
Biomass 40,2024,4,29,13,0
Biomass 40,2024,5,25,16,1
Biomass 40,2024,5,27,6,0
Biomass 40,2024,8,20,16,1
Biomass 40,2024,8,22,6,0
Biomass 40,2024,9,1,20,1
Biomass 40,2024,9,3,10,0
Biomass 40,2024,9,8,10,1
Biomass 40,2024,9,9,24,0
Biomass 41,2023,12,31,24,0
Biomass 41,2024,1,15,24,1
Biomass 41,2024,1,17,14,0
Biomass 41,2024,5,6,17,1
Biomass 41,2024,5,8,7,0
Biomass 41,2024,5,22,16,1
Biomass 41,2024,5,24,6,0
Biomass 41,2024,8,17,6,1
Biomass 41,2024,8,18,20,0
Biomass 41,2024,10,9,23,1
Biomass 41,2024,10,11,13,0
Biomass 41,2024,11,19,4,1
Biomass 41,2024,11,20,18,0
Biomass 41,2024,11,24,2,1
Biomass 41,2024,11,25,16,0
Biomass 42,2023,12,31,24,0
Biomass 42,2024,2,15,15,1
Biomass 42,2024,2,17,5,0
Biomass 42,2024,2,25,5,1
Biomass 42,2024,2,26,19,0
Biomass 42,2024,7,9,22,1
Biomass 42,2024,7,11,12,0
Biomass 42,2024,9,12,6,1
Biomass 42,2024,9,13,20,0
Biomass 42,2024,10,27,15,1
Biomass 42,2024,10,29,5,0
Biomass 42,2024,11,24,16,1
Biomass 42,2024,11,26,6,0
Biomass 42,2024,12,23,11,1
Biomass 42,2024,12,25,1,0
Biomass 43,2023,12,31,24,0
Biomass 43,2024,4,20,7,1
Biomass 43,2024,4,21,21,0
Biomass 43,2024,5,7,20,1
Biomass 43,2024,5,9,10,0
Biomass 43,2024,6,9,19,1
Biomass 43,2024,6,11,9,0
Biomass 43,2024,7,12,1,1
Biomass 43,2024,7,13,15,0
Biomass 43,2024,7,22,16,1
Biomass 43,2024,7,24,6,0
Biomass 43,2024,8,28,20,1
Biomass 43,2024,8,30,10,0
Biomass 43,2024,12,18,15,1
Biomass 43,2024,12,20,5,0
Biomass 44,2023,12,31,24,0
Biomass 44,2024,7,15,9,1
Biomass 44,2024,7,16,23,0
Biomass 44,2024,7,24,8,1
Biomass 44,2024,7,25,22,0
Biomass 44,2024,7,31,16,1
Biomass 44,2024,8,2,6,0
Biomass 44,2024,9,23,16,1
Biomass 44,2024,9,25,6,0
Biomass 44,2024,10,12,21,1
Biomass 44,2024,10,14,11,0
Biomass 44,2024,10,17,21,1
Biomass 44,2024,10,19,11,0
Biomass 44,2024,11,8,14,1
Biomass 44,2024,11,10,4,0
Biomass 45,2023,12,31,24,0
Biomass 45,2024,1,2,18,1
Biomass 45,2024,1,4,8,0
Biomass 45,2024,2,22,18,1
Biomass 45,2024,2,24,8,0
Biomass 45,2024,5,21,10,1
Biomass 45,2024,5,22,24,0
Biomass 45,2024,6,4,7,1
Biomass 45,2024,6,5,21,0
Biomass 45,2024,6,22,9,1
Biomass 45,2024,6,23,23,0
Biomass 45,2024,8,20,6,1
Biomass 45,2024,8,21,20,0
Biomass 45,2024,12,1,10,1
Biomass 45,2024,12,2,24,0
Biomass 46,2023,12,31,24,0
Biomass 46,2024,2,2,18,1
Biomass 46,2024,2,4,8,0
Biomass 46,2024,4,10,19,1
Biomass 46,2024,4,12,9,0
Biomass 46,2024,6,14,20,1
Biomass 46,2024,6,16,10,0
Biomass 46,2024,6,23,2,1
Biomass 46,2024,6,24,16,0
Biomass 46,2024,6,27,2,1
Biomass 46,2024,6,28,16,0
Biomass 46,2024,10,8,2,1
Biomass 46,2024,10,9,16,0
Biomass 46,2024,10,23,17,1
Biomass 46,2024,10,25,7,0
Biomass 47,2023,12,31,24,0
Biomass 47,2024,1,10,22,1
Biomass 47,2024,1,12,12,0
Biomass 47,2024,3,6,18,1
Biomass 47,2024,3,8,8,0
Biomass 47,2024,5,6,14,1
Biomass 47,2024,5,8,4,0
Biomass 47,2024,6,6,13,1
Biomass 47,2024,6,8,3,0
Biomass 47,2024,7,26,22,1
Biomass 47,2024,7,28,12,0
Biomass 47,2024,8,27,16,1
Biomass 47,2024,8,29,6,0
Biomass 47,2024,9,30,16,1
Biomass 47,2024,10,2,6,0
Biomass 48,2023,12,31,24,0
Biomass 48,2024,1,5,1,1
Biomass 48,2024,1,6,15,0
Biomass 48,2024,1,9,18,1
Biomass 48,2024,1,11,8,0
Biomass 48,2024,5,15,18,1
Biomass 48,2024,5,17,8,0
Biomass 48,2024,7,31,22,1
Biomass 48,2024,8,2,12,0
Biomass 48,2024,8,11,19,1
Biomass 48,2024,8,13,9,0
Biomass 48,2024,10,12,8,1
Biomass 48,2024,10,13,22,0
Biomass 48,2024,10,20,17,1
Biomass 48,2024,10,22,7,0
Biomass 49,2023,12,31,24,0
Biomass 49,2024,1,4,12,1
Biomass 49,2024,1,6,2,0
Biomass 49,2024,1,25,7,1
Biomass 49,2024,1,26,21,0
Biomass 49,2024,1,28,17,1
Biomass 49,2024,1,30,7,0
Biomass 49,2024,9,9,17,1
Biomass 49,2024,9,11,7,0
Biomass 49,2024,10,23,16,1
Biomass 49,2024,10,25,6,0
Biomass 49,2024,11,26,21,1
Biomass 49,2024,11,28,11,0
Biomass 49,2024,11,30,17,1
Biomass 49,2024,12,2,7,0
Biomass 50,2023,12,31,24,0
Biomass 50,2024,1,23,16,1
Biomass 50,2024,1,25,6,0
Biomass 50,2024,3,19,6,1
Biomass 50,2024,3,20,20,0
Biomass 50,2024,4,16,14,1
Biomass 50,2024,4,18,4,0
Biomass 50,2024,5,14,21,1
Biomass 50,2024,5,16,11,0
Biomass 50,2024,7,29,8,1
Biomass 50,2024,7,30,22,0
Biomass 50,2024,8,16,14,1
Biomass 50,2024,8,18,4,0
Biomass 50,2024,9,20,10,1
Biomass 50,2024,9,21,24,0
Biomass 51,2023,12,31,24,0
Biomass 51,2024,1,1,1,1
Biomass 51,2024,1,2,6,0
Biomass 51,2024,4,3,8,1
Biomass 51,2024,4,4,22,0
Biomass 51,2024,5,17,21,1
Biomass 51,2024,5,19,11,0
Biomass 51,2024,6,18,12,1
Biomass 51,2024,6,20,2,0
Biomass 51,2024,7,4,15,1
Biomass 51,2024,7,6,5,0
Biomass 51,2024,8,21,7,1
Biomass 51,2024,8,22,21,0
Biomass 51,2024,9,19,10,1
Biomass 51,2024,9,20,24,0
Biomass 51,2024,12,31,16,1
Biomass 52,2023,12,31,24,0
Biomass 52,2024,2,11,13,1
Biomass 52,2024,2,13,3,0
Biomass 52,2024,4,6,23,1
Biomass 52,2024,4,8,13,0
Biomass 52,2024,5,16,8,1
Biomass 52,2024,5,17,22,0
Biomass 52,2024,7,2,20,1
Biomass 52,2024,7,4,10,0
Biomass 52,2024,9,30,7,1
Biomass 52,2024,10,1,21,0
Biomass 52,2024,10,10,19,1
Biomass 52,2024,10,12,9,0
Biomass 52,2024,10,15,20,1
Biomass 52,2024,10,17,10,0
Biomass 61,2023,12,31,24,0
Biomass 61,2024,4,3,15,1
Biomass 61,2024,4,5,5,0
Biomass 61,2024,5,16,3,1
Biomass 61,2024,5,17,17,0
Biomass 61,2024,8,2,5,1
Biomass 61,2024,8,3,19,0
Biomass 61,2024,8,13,8,1
Biomass 61,2024,8,14,22,0
Biomass 61,2024,8,16,18,1
Biomass 61,2024,8,18,8,0
Biomass 61,2024,10,9,8,1
Biomass 61,2024,10,10,22,0
Biomass 61,2024,10,20,16,1
Biomass 61,2024,10,22,6,0
CC NG 28,2023,12,31,24,0
CC NG 28,2024,2,2,8,1
CC NG 28,2024,2,3,8,0
CC NG 28,2024,3,26,14,1
CC NG 28,2024,3,27,14,0
CC NG 28,2024,4,20,5,1
CC NG 28,2024,4,21,5,0
CC NG 28,2024,4,23,19,1
CC NG 28,2024,4,24,19,0
CC NG 28,2024,5,24,20,1
CC NG 28,2024,5,25,20,0
CC NG 28,2024,8,18,8,1
CC NG 28,2024,8,19,8,0
CC NG 28,2024,8,27,22,1
CC NG 28,2024,8,28,22,0
CC NG 28,2024,8,31,12,1
CC NG 28,2024,9,1,12,0
CC NG 28,2024,9,4,9,1
CC NG 28,2024,9,5,9,0
CC NG 28,2024,10,3,10,1
CC NG 28,2024,10,4,10,0
CC NG 28,2024,10,12,6,1
CC NG 28,2024,10,13,6,0
CC NG 28,2024,10,19,3,1
CC NG 28,2024,10,20,3,0
CC NG 28,2024,10,24,24,1
CC NG 28,2024,10,25,24,0
CC NG 28,2024,12,25,23,1
CC NG 28,2024,12,26,23,0
CC NG 29,2023,12,31,24,0
CC NG 29,2024,4,19,16,1
CC NG 29,2024,4,20,16,0
CC NG 29,2024,5,4,18,1
CC NG 29,2024,5,5,18,0
CC NG 29,2024,5,31,19,1
CC NG 29,2024,6,1,19,0
CC NG 29,2024,6,9,20,1
CC NG 29,2024,6,10,20,0
CC NG 29,2024,6,16,19,1
CC NG 29,2024,6,17,19,0
CC NG 29,2024,7,31,9,1
CC NG 29,2024,8,1,9,0
CC NG 29,2024,8,30,23,1
CC NG 29,2024,8,31,23,0
CC NG 29,2024,10,6,16,1
CC NG 29,2024,10,7,16,0
CC NG 29,2024,10,25,3,1
CC NG 29,2024,10,26,3,0
CC NG 29,2024,11,9,11,1
CC NG 29,2024,11,10,11,0
CC NG 29,2024,11,13,9,1
CC NG 29,2024,11,14,9,0
CC NG 29,2024,11,26,2,1
CC NG 29,2024,11,27,2,0
CC NG 31,2023,12,31,24,0
CC NG 31,2024,1,17,11,1
CC NG 31,2024,1,18,11,0
CC NG 31,2024,2,18,12,1
CC NG 31,2024,2,19,12,0
CC NG 31,2024,2,29,22,1
CC NG 31,2024,3,1,22,0
CC NG 31,2024,4,1,19,1
CC NG 31,2024,4,2,19,0
CC NG 31,2024,5,8,9,1
CC NG 31,2024,5,9,9,0
CC NG 31,2024,6,6,13,1
CC NG 31,2024,6,7,13,0
CC NG 31,2024,6,17,14,1
CC NG 31,2024,6,18,14,0
CC NG 31,2024,7,3,1,1
CC NG 31,2024,7,4,1,0
CC NG 31,2024,7,22,4,1
CC NG 31,2024,7,23,4,0
CC NG 31,2024,9,16,21,1
CC NG 31,2024,9,17,21,0
CC NG 31,2024,10,9,5,1
CC NG 31,2024,10,10,5,0
CC NG 31,2024,10,21,15,1
CC NG 31,2024,10,22,15,0
CC NG 32,2023,12,31,24,0
CC NG 32,2024,1,29,23,1
CC NG 32,2024,1,30,23,0
CC NG 32,2024,2,13,9,1
CC NG 32,2024,2,14,9,0
CC NG 32,2024,4,30,3,1
CC NG 32,2024,5,1,3,0
CC NG 32,2024,7,25,18,1
CC NG 32,2024,7,26,18,0
CC NG 32,2024,9,5,6,1
CC NG 32,2024,9,6,6,0
CC NG 32,2024,9,11,17,1
CC NG 32,2024,9,12,17,0
CC NG 32,2024,9,14,16,1
CC NG 32,2024,9,15,16,0
CC NG 32,2024,11,5,14,1
CC NG 32,2024,11,6,14,0
CC NG 32,2024,11,7,7,1
CC NG 32,2024,11,8,7,0
CC NG 32,2024,11,15,14,1
CC NG 32,2024,11,16,14,0
CC NG 32,2024,12,14,22,1
CC NG 32,2024,12,15,22,0
CC NG 32,2024,12,22,13,1
CC NG 32,2024,12,23,13,0
CC NG 33,2023,12,31,24,0
CC NG 33,2024,1,8,20,1
CC NG 33,2024,1,9,20,0
CC NG 33,2024,1,10,10,1
CC NG 33,2024,1,11,10,0
CC NG 33,2024,2,9,14,1
CC NG 33,2024,2,10,14,0
CC NG 33,2024,2,22,17,1
CC NG 33,2024,2,23,17,0
CC NG 33,2024,3,16,5,1
CC NG 33,2024,3,17,5,0
CC NG 33,2024,5,27,23,1
CC NG 33,2024,5,28,23,0
CC NG 33,2024,6,17,9,1
CC NG 33,2024,6,18,9,0
CC NG 33,2024,8,12,8,1
CC NG 33,2024,8,13,8,0
CC NG 33,2024,9,4,8,1
CC NG 33,2024,9,5,8,0
CC NG 33,2024,10,3,10,1
CC NG 33,2024,10,4,10,0
CC NG 33,2024,11,15,6,1
CC NG 33,2024,11,16,6,0
CC NG 33,2024,11,27,18,1
CC NG 33,2024,11,28,18,0
CC NG 34,2023,12,31,24,0
CC NG 34,2024,2,8,14,1
CC NG 34,2024,2,9,14,0
CC NG 34,2024,3,4,12,1
CC NG 34,2024,3,5,12,0
CC NG 34,2024,3,11,20,1
CC NG 34,2024,3,12,20,0
CC NG 34,2024,4,14,11,1
CC NG 34,2024,4,15,11,0
CC NG 34,2024,5,2,22,1
CC NG 34,2024,5,3,22,0
CC NG 34,2024,6,17,9,1
CC NG 34,2024,6,18,9,0
CC NG 34,2024,6,19,23,1
CC NG 34,2024,6,20,23,0
CC NG 34,2024,6,25,5,1
CC NG 34,2024,6,26,5,0
CC NG 34,2024,7,24,8,1
CC NG 34,2024,7,25,8,0
CC NG 34,2024,8,27,16,1
CC NG 34,2024,8,28,16,0
CC NG 34,2024,10,3,10,1
CC NG 34,2024,10,4,10,0
CC NG 34,2024,11,28,2,1
CC NG 34,2024,11,29,2,0
CC NG 35,2023,12,31,24,0
CC NG 35,2024,1,6,16,1
CC NG 35,2024,1,7,16,0
CC NG 35,2024,1,15,21,1
CC NG 35,2024,1,16,21,0
CC NG 35,2024,1,18,14,1
CC NG 35,2024,1,19,14,0
CC NG 35,2024,2,29,1,1
CC NG 35,2024,3,1,1,0
CC NG 35,2024,3,10,5,1
CC NG 35,2024,3,11,5,0
CC NG 35,2024,4,8,12,1
CC NG 35,2024,4,9,12,0
CC NG 35,2024,5,23,14,1
CC NG 35,2024,5,24,14,0
CC NG 35,2024,6,25,14,1
CC NG 35,2024,6,26,14,0
CC NG 35,2024,10,26,23,1
CC NG 35,2024,10,27,23,0
CC NG 35,2024,11,12,19,1
CC NG 35,2024,11,13,19,0
CC NG 35,2024,11,14,12,1
CC NG 35,2024,11,15,12,0
CC NG 35,2024,12,24,2,1
CC NG 35,2024,12,25,2,0
CC NG 36,2023,12,31,24,0
CC NG 36,2024,1,20,22,1
CC NG 36,2024,1,21,22,0
CC NG 36,2024,2,1,8,1
CC NG 36,2024,2,2,8,0
CC NG 36,2024,3,6,18,1
CC NG 36,2024,3,7,18,0
CC NG 36,2024,5,6,19,1
CC NG 36,2024,5,7,19,0
CC NG 36,2024,6,18,4,1
CC NG 36,2024,6,19,4,0
CC NG 36,2024,7,7,7,1
CC NG 36,2024,7,8,7,0
CC NG 36,2024,8,21,12,1
CC NG 36,2024,8,22,12,0
CC NG 36,2024,9,8,12,1
CC NG 36,2024,9,9,12,0
CC NG 36,2024,10,22,15,1
CC NG 36,2024,10,23,15,0
CC NG 36,2024,11,30,20,1
CC NG 36,2024,12,1,20,0
CC NG 36,2024,12,11,2,1
CC NG 36,2024,12,12,2,0
CC NG 36,2024,12,27,11,1
CC NG 36,2024,12,28,11,0
CC NG 07,2023,12,31,24,0
CC NG 07,2024,1,19,14,1
CC NG 07,2024,1,20,14,0
CC NG 07,2024,3,8,3,1
CC NG 07,2024,3,9,3,0
CC NG 07,2024,4,15,2,1
CC NG 07,2024,4,16,2,0
CC NG 07,2024,8,12,6,1
CC NG 07,2024,8,13,6,0
CC NG 07,2024,9,6,24,1
CC NG 07,2024,9,7,24,0
CC NG 07,2024,9,14,17,1
CC NG 07,2024,9,15,17,0
CC NG 07,2024,10,10,15,1
CC NG 07,2024,10,11,15,0
CC NG 07,2024,10,20,10,1
CC NG 07,2024,10,21,10,0
CC NG 07,2024,11,13,7,1
CC NG 07,2024,11,14,7,0
CC NG 07,2024,11,27,13,1
CC NG 07,2024,11,28,13,0
CC NG 07,2024,12,7,7,1
CC NG 07,2024,12,8,7,0
CC NG 08,2023,12,31,24,0
CC NG 08,2024,1,11,2,1
CC NG 08,2024,1,12,2,0
CC NG 08,2024,4,23,10,1
CC NG 08,2024,4,24,10,0
CC NG 08,2024,4,25,22,1
CC NG 08,2024,4,26,22,0
CC NG 08,2024,6,16,19,1
CC NG 08,2024,6,17,19,0
CC NG 08,2024,7,2,6,1
CC NG 08,2024,7,3,6,0
CC NG 08,2024,9,4,24,1
CC NG 08,2024,9,5,24,0
CC NG 08,2024,9,17,16,1
CC NG 08,2024,9,18,16,0
CC NG 08,2024,10,5,4,1
CC NG 08,2024,10,6,4,0
CC NG 08,2024,10,6,12,1
CC NG 08,2024,10,7,12,0
CC NG 08,2024,11,4,16,1
CC NG 08,2024,11,5,16,0
CC NG 08,2024,11,9,15,1
CC NG 08,2024,11,10,15,0
CC NG 09,2023,12,31,24,0
CC NG 09,2024,2,16,21,1
CC NG 09,2024,2,17,21,0
CC NG 09,2024,6,2,7,1
CC NG 09,2024,6,3,7,0
CC NG 09,2024,6,4,7,1
CC NG 09,2024,6,5,7,0
CC NG 09,2024,6,9,9,1
CC NG 09,2024,6,10,9,0
CC NG 09,2024,6,11,21,1
CC NG 09,2024,6,12,21,0
CC NG 09,2024,6,28,9,1
CC NG 09,2024,6,29,9,0
CC NG 09,2024,9,20,16,1
CC NG 09,2024,9,21,16,0
CC NG 09,2024,10,9,12,1
CC NG 09,2024,10,10,12,0
CC NG 09,2024,11,1,9,1
CC NG 09,2024,11,2,9,0
CC NG 09,2024,12,15,9,1
CC NG 09,2024,12,16,9,0
CC NG 09,2024,12,19,15,1
CC NG 09,2024,12,20,15,0
CT NG 21,2023,12,31,24,0
CT NG 21,2024,4,9,10,1
CT NG 21,2024,4,11,14,0
CT NG 21,2024,5,23,11,1
CT NG 21,2024,5,25,15,0
CT NG 21,2024,6,7,13,1
CT NG 21,2024,6,9,17,0
CT NG 21,2024,6,13,12,1
CT NG 21,2024,6,15,16,0
CT NG 21,2024,7,2,4,1
CT NG 21,2024,7,4,8,0
CT NG 21,2024,8,21,5,1
CT NG 21,2024,8,23,9,0
CT NG 21,2024,10,16,4,1
CT NG 21,2024,10,18,8,0
CT NG 22,2023,12,31,24,0
CT NG 22,2024,1,24,10,1
CT NG 22,2024,1,26,14,0
CT NG 22,2024,4,30,4,1
CT NG 22,2024,5,2,8,0
CT NG 22,2024,9,3,14,1
CT NG 22,2024,9,5,18,0
CT NG 22,2024,10,15,8,1
CT NG 22,2024,10,17,12,0
CT NG 22,2024,11,21,19,1
CT NG 22,2024,11,23,23,0
CT NG 22,2024,12,14,6,1
CT NG 22,2024,12,16,10,0
CT NG 23,2023,12,31,24,0
CT NG 23,2024,1,8,19,1
CT NG 23,2024,1,10,23,0
CT NG 23,2024,1,29,14,1
CT NG 23,2024,1,31,18,0
CT NG 23,2024,5,16,11,1
CT NG 23,2024,5,18,15,0
CT NG 23,2024,6,6,2,1
CT NG 23,2024,6,8,6,0
CT NG 23,2024,8,22,9,1
CT NG 23,2024,8,24,13,0
CT NG 23,2024,9,10,22,1
CT NG 23,2024,9,13,2,0
CT NG 23,2024,11,5,9,1
CT NG 23,2024,11,7,13,0
CT NG 24,2023,12,31,24,0
CT NG 24,2024,2,29,13,1
CT NG 24,2024,3,2,17,0
CT NG 24,2024,3,27,2,1
CT NG 24,2024,3,29,6,0
CT NG 24,2024,7,15,17,1
CT NG 24,2024,7,17,21,0
CT NG 24,2024,7,29,17,1
CT NG 24,2024,7,31,21,0
CT NG 24,2024,8,17,17,1
CT NG 24,2024,8,19,21,0
CT NG 24,2024,12,15,12,1
CT NG 24,2024,12,17,16,0
CT NG 25,2023,12,31,24,0
CT NG 25,2024,1,3,3,1
CT NG 25,2024,1,5,7,0
CT NG 25,2024,3,2,8,1
CT NG 25,2024,3,4,12,0
CT NG 25,2024,3,24,20,1
CT NG 25,2024,3,26,24,0
CT NG 25,2024,5,17,19,1
CT NG 25,2024,5,19,23,0
CT NG 25,2024,7,7,15,1
CT NG 25,2024,7,9,19,0
CT NG 25,2024,7,19,14,1
CT NG 25,2024,7,21,18,0
CT NG 25,2024,12,5,14,1
CT NG 25,2024,12,7,18,0
CT NG 26,2023,12,31,24,0
CT NG 26,2024,2,2,13,1
CT NG 26,2024,2,4,17,0
CT NG 26,2024,4,27,9,1
CT NG 26,2024,4,29,13,0
CT NG 26,2024,7,15,10,1
CT NG 26,2024,7,17,14,0
CT NG 26,2024,7,19,9,1
CT NG 26,2024,7,21,13,0
CT NG 26,2024,8,25,13,1
CT NG 26,2024,8,27,17,0
CT NG 26,2024,10,23,24,1
CT NG 26,2024,10,26,4,0
CT NG 27,2023,12,31,24,0
CT NG 27,2024,2,6,10,1
CT NG 27,2024,2,8,14,0
CT NG 27,2024,2,12,2,1
CT NG 27,2024,2,14,6,0
CT NG 27,2024,3,8,9,1
CT NG 27,2024,3,10,13,0
CT NG 27,2024,5,20,17,1
CT NG 27,2024,5,22,21,0
CT NG 27,2024,6,3,6,1
CT NG 27,2024,6,5,10,0
CT NG 27,2024,6,23,12,1
CT NG 27,2024,6,25,16,0
CT NG 28,2023,12,31,24,0
CT NG 28,2024,3,1,11,1
CT NG 28,2024,3,3,15,0
CT NG 28,2024,3,21,21,1
CT NG 28,2024,3,24,1,0
CT NG 28,2024,5,10,14,1
CT NG 28,2024,5,12,18,0
CT NG 28,2024,6,18,20,1
CT NG 28,2024,6,20,24,0
CT NG 28,2024,7,13,17,1
CT NG 28,2024,7,15,21,0
CT NG 28,2024,10,16,5,1
CT NG 28,2024,10,18,9,0
CT NG 28,2024,11,7,17,1
CT NG 28,2024,11,9,21,0
CT NG 28,2024,11,11,10,1
CT NG 28,2024,11,13,14,0
CT NG 29,2023,12,31,24,0
CT NG 29,2024,1,5,4,1
CT NG 29,2024,1,7,8,0
CT NG 29,2024,1,10,17,1
CT NG 29,2024,1,12,21,0
CT NG 29,2024,4,19,6,1
CT NG 29,2024,4,21,10,0
CT NG 29,2024,7,3,16,1
CT NG 29,2024,7,5,20,0
CT NG 29,2024,8,10,8,1
CT NG 29,2024,8,12,12,0
CT NG 29,2024,8,27,8,1
CT NG 29,2024,8,29,12,0
CT NG 29,2024,10,29,17,1
CT NG 29,2024,10,31,21,0
CT NG 31,2023,12,31,24,0
CT NG 31,2024,1,4,14,1
CT NG 31,2024,1,6,18,0
CT NG 31,2024,2,10,13,1
CT NG 31,2024,2,12,17,0
CT NG 31,2024,2,25,14,1
CT NG 31,2024,2,27,18,0
CT NG 31,2024,6,7,15,1
CT NG 31,2024,6,9,19,0
CT NG 31,2024,7,23,14,1
CT NG 31,2024,7,25,18,0
CT NG 31,2024,9,4,21,1
CT NG 31,2024,9,7,1,0
CT NG 32,2023,12,31,24,0
CT NG 32,2024,2,12,4,1
CT NG 32,2024,2,14,8,0
CT NG 32,2024,2,25,13,1
CT NG 32,2024,2,27,17,0
CT NG 32,2024,3,24,10,1
CT NG 32,2024,3,26,14,0
CT NG 32,2024,4,15,12,1
CT NG 32,2024,4,17,16,0
CT NG 32,2024,5,1,14,1
CT NG 32,2024,5,3,18,0
CT NG 32,2024,7,25,20,1
CT NG 32,2024,7,27,24,0
CT NG 33,2023,12,31,24,0
CT NG 33,2024,1,1,1,1
CT NG 33,2024,1,1,22,0
CT NG 33,2024,2,18,6,1
CT NG 33,2024,2,20,10,0
CT NG 33,2024,4,10,8,1
CT NG 33,2024,4,12,12,0
CT NG 33,2024,5,10,1,1
CT NG 33,2024,5,12,5,0
CT NG 33,2024,8,8,15,1
CT NG 33,2024,8,10,19,0
CT NG 33,2024,8,24,4,1
CT NG 33,2024,8,26,8,0
CT NG 33,2024,11,26,17,1
CT NG 33,2024,11,28,21,0
CT NG 33,2024,12,30,18,1
CT NG 34,2023,12,31,24,0
CT NG 34,2024,5,24,19,1
CT NG 34,2024,5,26,21,0
CT NG 34,2024,6,6,6,1
CT NG 34,2024,6,8,8,0
CT NG 34,2024,7,20,11,1
CT NG 34,2024,7,22,13,0
CT NG 34,2024,12,22,7,1
CT NG 34,2024,12,24,9,0
CT NG 35,2023,12,31,24,0
CT NG 35,2024,1,27,4,1
CT NG 35,2024,1,29,6,0
CT NG 35,2024,8,7,3,1
CT NG 35,2024,8,9,5,0
CT NG 35,2024,8,22,14,1
CT NG 35,2024,8,24,16,0
CT NG 35,2024,11,25,8,1
CT NG 35,2024,11,27,10,0
CT NG 36,2023,12,31,24,0
CT NG 36,2024,3,1,17,1
CT NG 36,2024,3,3,19,0
CT NG 36,2024,3,20,11,1
CT NG 36,2024,3,22,13,0
CT NG 36,2024,7,6,15,1
CT NG 36,2024,7,8,17,0
CT NG 36,2024,7,10,6,1
CT NG 36,2024,7,12,8,0
CT NG 37,2023,12,31,24,0
CT NG 37,2024,4,18,14,1
CT NG 37,2024,4,20,18,0
CT NG 37,2024,5,8,6,1
CT NG 37,2024,5,10,10,0
CT NG 37,2024,5,15,12,1
CT NG 37,2024,5,17,16,0
CT NG 37,2024,8,31,8,1
CT NG 37,2024,9,2,12,0
CT NG 37,2024,11,2,7,1
CT NG 37,2024,11,4,11,0
CT NG 37,2024,11,30,19,1
CT NG 37,2024,12,2,23,0
CT NG 38,2023,12,31,24,0
CT NG 38,2024,5,9,4,1
CT NG 38,2024,5,11,8,0
CT NG 38,2024,5,25,23,1
CT NG 38,2024,5,28,3,0
CT NG 38,2024,9,17,8,1
CT NG 38,2024,9,19,12,0
CT NG 38,2024,10,8,10,1
CT NG 38,2024,10,10,14,0
CT NG 38,2024,11,8,16,1
CT NG 38,2024,11,10,20,0
CT NG 38,2024,12,7,11,1
CT NG 38,2024,12,9,15,0
CT NG 38,2024,12,16,16,1
CT NG 38,2024,12,18,20,0
CT NG 39,2023,12,31,24,0
CT NG 39,2024,1,3,8,1
CT NG 39,2024,1,5,12,0
CT NG 39,2024,3,5,17,1
CT NG 39,2024,3,7,21,0
CT NG 39,2024,4,10,9,1
CT NG 39,2024,4,12,13,0
CT NG 39,2024,5,1,11,1
CT NG 39,2024,5,3,15,0
CT NG 39,2024,5,23,17,1
CT NG 39,2024,5,25,21,0
CT NG 39,2024,6,17,4,1
CT NG 39,2024,6,19,8,0
CT NG 39,2024,10,3,19,1
CT NG 39,2024,10,5,23,0
CT NG 40,2023,12,31,24,0
CT NG 40,2024,2,20,14,1
CT NG 40,2024,2,22,18,0
CT NG 40,2024,3,27,23,1
CT NG 40,2024,3,30,3,0
CT NG 40,2024,5,31,15,1
CT NG 40,2024,6,2,19,0
CT NG 40,2024,12,4,15,1
CT NG 40,2024,12,6,19,0
CT NG 40,2024,12,13,12,1
CT NG 40,2024,12,15,16,0
CT NG 40,2024,12,19,23,1
CT NG 40,2024,12,22,3,0
CT NG 50,2023,12,31,24,0
CT NG 50,2024,2,11,13,1
CT NG 50,2024,2,13,15,0
CT NG 50,2024,4,16,16,1
CT NG 50,2024,4,18,18,0
CT NG 50,2024,5,9,20,1
CT NG 50,2024,5,11,22,0
CT NG 50,2024,6,24,17,1
CT NG 50,2024,6,26,19,0
CT NG 50,2024,8,17,2,1
CT NG 50,2024,8,19,4,0
CT NG 50,2024,9,2,10,1
CT NG 50,2024,9,4,12,0
CT NG 50,2024,11,3,22,1
CT NG 50,2024,11,5,24,0
CT NG 50,2024,12,8,5,1
CT NG 50,2024,12,10,7,0
CT NG 51,2023,12,31,24,0
CT NG 51,2024,1,21,18,1
CT NG 51,2024,1,23,20,0
CT NG 51,2024,4,19,12,1
CT NG 51,2024,4,21,14,0
CT NG 51,2024,5,4,15,1
CT NG 51,2024,5,6,17,0
CT NG 51,2024,6,6,17,1
CT NG 51,2024,6,8,19,0
CT NG 51,2024,6,25,14,1
CT NG 51,2024,6,27,16,0
CT NG 51,2024,7,25,4,1
CT NG 51,2024,7,27,6,0
CT NG 51,2024,12,11,6,1
CT NG 51,2024,12,13,8,0
CT NG 52,2023,12,31,24,0
CT NG 52,2024,1,4,5,1
CT NG 52,2024,1,6,7,0
CT NG 52,2024,5,28,1,1
CT NG 52,2024,5,30,3,0
CT NG 52,2024,9,27,19,1
CT NG 52,2024,9,29,21,0
CT NG 52,2024,11,3,9,1
CT NG 52,2024,11,5,11,0
CT NG 52,2024,12,18,12,1
CT NG 52,2024,12,20,14,0
CT NG 52,2024,12,21,12,1
CT NG 52,2024,12,23,14,0
CT NG 53,2023,12,31,24,0
CT NG 53,2024,1,6,9,1
CT NG 53,2024,1,8,11,0
CT NG 53,2024,2,2,14,1
CT NG 53,2024,2,4,16,0
CT NG 53,2024,2,18,13,1
CT NG 53,2024,2,20,15,0
CT NG 53,2024,4,9,14,1
CT NG 53,2024,4,11,16,0
CT NG 53,2024,5,13,16,1
CT NG 53,2024,5,15,18,0
CT NG 53,2024,6,6,5,1
CT NG 53,2024,6,8,7,0
CT NG 53,2024,9,1,13,1
CT NG 53,2024,9,3,15,0
CT NG 54,2023,12,31,24,0
CT NG 54,2024,2,24,13,1
CT NG 54,2024,2,26,15,0
CT NG 54,2024,3,12,6,1
CT NG 54,2024,3,14,8,0
CT NG 54,2024,3,18,21,1
CT NG 54,2024,3,20,23,0
CT NG 54,2024,5,17,14,1
CT NG 54,2024,5,19,16,0
CT NG 54,2024,5,25,10,1
CT NG 54,2024,5,27,12,0
CT NG 54,2024,6,28,13,1
CT NG 54,2024,6,30,15,0
CT NG 54,2024,8,18,5,1
CT NG 54,2024,8,20,7,0
CT NG 55,2023,12,31,24,0
CT NG 55,2024,1,12,11,1
CT NG 55,2024,1,14,13,0
CT NG 55,2024,1,22,2,1
CT NG 55,2024,1,24,4,0
CT NG 55,2024,1,24,5,1
CT NG 55,2024,1,26,7,0
CT NG 55,2024,2,16,15,1
CT NG 55,2024,2,18,17,0
CT NG 55,2024,2,25,6,1
CT NG 55,2024,2,27,8,0
CT NG 55,2024,3,12,7,1
CT NG 55,2024,3,14,9,0
CT NG 55,2024,5,25,8,1
CT NG 55,2024,5,27,10,0
CT NG 55,2024,6,4,19,1
CT NG 55,2024,6,6,21,0
CT NG 55,2024,6,12,14,1
CT NG 55,2024,6,14,16,0
CT NG 55,2024,6,20,2,1
CT NG 55,2024,6,22,4,0
CT NG 55,2024,6,27,1,1
CT NG 55,2024,6,29,3,0
CT NG 55,2024,8,12,13,1
CT NG 55,2024,8,14,15,0
CT NG 55,2024,8,15,5,1
CT NG 55,2024,8,17,7,0
CT NG 55,2024,11,10,11,1
CT NG 55,2024,11,12,13,0
CT NG 55,2024,11,28,1,1
CT NG 55,2024,11,30,3,0
CT NG 55,2024,12,22,14,1
CT NG 55,2024,12,24,16,0
CT NG 55,2024,12,25,9,1
CT NG 55,2024,12,27,11,0
CT NG 56,2023,12,31,24,0
CT NG 56,2024,2,8,19,1
CT NG 56,2024,2,10,21,0
CT NG 56,2024,5,15,14,1
CT NG 56,2024,5,17,16,0
CT NG 56,2024,6,17,18,1
CT NG 56,2024,6,19,20,0
CT NG 56,2024,7,2,12,1
CT NG 56,2024,7,4,14,0
CT NG 56,2024,11,11,11,1
CT NG 56,2024,11,13,13,0
CT NG 56,2024,12,3,6,1
CT NG 56,2024,12,5,8,0
CT NG 56,2024,12,24,10,1
CT NG 56,2024,12,26,12,0
CT NG 66,2023,12,31,24,0
CT NG 66,2024,1,1,1,1
CT NG 66,2024,1,1,18,0
CT NG 66,2024,4,5,18,1
CT NG 66,2024,4,7,20,0
CT NG 66,2024,6,7,5,1
CT NG 66,2024,6,9,7,0
CT NG 66,2024,8,2,17,1
CT NG 66,2024,8,4,19,0
CT NG 66,2024,9,1,17,1
CT NG 66,2024,9,3,19,0
CT NG 66,2024,11,7,13,1
CT NG 66,2024,11,9,15,0
CT NG 66,2024,11,20,8,1
CT NG 66,2024,11,22,10,0
CT NG 66,2024,12,30,16,1
CT NG 67,2023,12,31,24,0
CT NG 67,2024,1,30,18,1
CT NG 67,2024,2,1,20,0
CT NG 67,2024,2,9,10,1
CT NG 67,2024,2,11,12,0
CT NG 67,2024,2,18,16,1
CT NG 67,2024,2,20,18,0
CT NG 67,2024,4,18,22,1
CT NG 67,2024,4,20,24,0
CT NG 67,2024,5,30,3,1
CT NG 67,2024,6,1,5,0
CT NG 67,2024,6,9,11,1
CT NG 67,2024,6,11,13,0
CT NG 67,2024,9,3,17,1
CT NG 67,2024,9,5,19,0
CT NG 68,2023,12,31,24,0
CT NG 68,2024,1,8,16,1
CT NG 68,2024,1,10,18,0
CT NG 68,2024,1,17,8,1
CT NG 68,2024,1,19,10,0
CT NG 68,2024,1,27,9,1
CT NG 68,2024,1,29,11,0
CT NG 68,2024,3,18,14,1
CT NG 68,2024,3,20,16,0
CT NG 68,2024,7,15,8,1
CT NG 68,2024,7,17,10,0
CT NG 68,2024,8,4,24,1
CT NG 68,2024,8,7,2,0
CT NG 68,2024,9,13,8,1
CT NG 68,2024,9,15,10,0
CT NG 68,2024,10,24,3,1
CT NG 68,2024,10,26,5,0
CT NG 69,2023,12,31,24,0
CT NG 69,2024,1,4,7,1
CT NG 69,2024,1,6,9,0
CT NG 69,2024,1,20,12,1
CT NG 69,2024,1,22,14,0
CT NG 69,2024,2,23,12,1
CT NG 69,2024,2,25,14,0
CT NG 69,2024,5,6,22,1
CT NG 69,2024,5,8,24,0
CT NG 69,2024,5,22,7,1
CT NG 69,2024,5,24,9,0
CT NG 69,2024,6,11,16,1
CT NG 69,2024,6,13,18,0
CT NG 69,2024,11,17,7,1
CT NG 69,2024,11,19,9,0
CT NG 71,2023,12,31,24,0
CT NG 71,2024,3,9,8,1
CT NG 71,2024,3,11,10,0
CT NG 71,2024,6,25,14,1
CT NG 71,2024,6,27,16,0
CT NG 71,2024,9,10,6,1
CT NG 71,2024,9,12,8,0
CT NG 71,2024,10,6,12,1
CT NG 71,2024,10,8,14,0
CT NG 71,2024,10,16,10,1
CT NG 71,2024,10,18,12,0
CT NG 71,2024,11,6,13,1
CT NG 71,2024,11,8,15,0
CT NG 71,2024,11,28,10,1
CT NG 71,2024,11,30,12,0
CT NG 72,2023,12,31,24,0
CT NG 72,2024,2,3,14,1
CT NG 72,2024,2,5,16,0
CT NG 72,2024,3,4,9,1
CT NG 72,2024,3,6,11,0
CT NG 72,2024,5,10,10,1
CT NG 72,2024,5,12,12,0
CT NG 72,2024,8,2,21,1
CT NG 72,2024,8,4,23,0
CT NG 72,2024,8,20,19,1
CT NG 72,2024,8,22,21,0
CT NG 73,2023,12,31,24,0
CT NG 73,2024,2,3,11,1
CT NG 73,2024,2,5,13,0
CT NG 73,2024,5,28,17,1
CT NG 73,2024,5,30,19,0
CT NG 73,2024,11,19,12,1
CT NG 73,2024,11,21,14,0
CT NG 73,2024,11,28,13,1
CT NG 73,2024,11,30,15,0
Hydro 17,2023,12,31,24,0
Hydro 18,2023,12,31,24,0
ICE NG 01,2023,12,31,24,0
ICE NG 02,2024,1,19,16,1
ICE NG 03,2024,1,21,5,0
ICE NG 04,2024,1,22,14,1
ICE NG 05,2024,1,24,3,0
ICE NG 06,2024,2,21,19,1
ICE NG 07,2024,2,23,8,0
ICE NG 08,2024,4,23,9,1
ICE NG 09,2024,4,24,22,0
ICE NG 10,2024,5,17,16,1
ICE NG 11,2024,5,19,5,0
ICE NG 12,2024,8,4,15,1
ICE NG 13,2024,8,6,4,0
ICE NG 14,2024,9,13,12,1
ICE NG 15,2024,9,15,1,0
ICE NG 16,2024,10,16,17,1
ICE NG 17,2024,10,18,6,0
ICE NG 18,2024,10,31,21,1
ICE NG 19,2024,11,2,10,0
ICE NG 20,2024,11,23,13,1
ICE NG 21,2024,11,25,2,0
ICE NG 22,2024,12,12,22,1
ICE NG 23,2024,12,14,11,0
PSH 01,2023,12,31,24,0
PSH 02,2023,12,31,24,0
Solar 02,2023,12,31,24,0
Solar 31,2023,12,31,24,0
Solar 32,2023,12,31,24,0
Solar 33,2023,12,31,24,0
Solar 34,2023,12,31,24,0
Solar 35,2023,12,31,24,0
Solar 36,2023,12,31,24,0
Solar 37,2023,12,31,24,0
Solar 38,2023,12,31,24,0
Solar 39,2023,12,31,24,0
Solar 40,2023,12,31,24,0
Solar 41,2023,12,31,24,0
Solar 42,2023,12,31,24,0
Solar 43,2023,12,31,24,0
Solar 44,2023,12,31,24,0
Solar 45,2023,12,31,24,0
Solar 46,2023,12,31,24,0
Solar 47,2023,12,31,24,0
Solar 48,2023,12,31,24,0
Solar 49,2023,12,31,24,0
Solar 50,2023,12,31,24,0
Solar 51,2023,12,31,24,0
Solar 52,2023,12,31,24,0
Solar 53,2023,12,31,24,0
Solar 54,2023,12,31,24,0
Solar 55,2023,12,31,24,0
Solar 56,2023,12,31,24,0
Solar 57,2023,12,31,24,0
Solar 58,2023,12,31,24,0
Solar 59,2023,12,31,24,0
Solar 60,2023,12,31,24,0
Solar 61,2023,12,31,24,0
Solar 68,2023,12,31,24,0
Solar 69,2023,12,31,24,0
Solar 70,2023,12,31,24,0
Solar 71,2023,12,31,24,0
Solar 72,2023,12,31,24,0
Solar 76,2023,12,31,24,0
Wind 14,2023,12,31,24,0
Wind 15,2023,12,31,24,0
Wind 16,2023,12,31,24,0
Wind 17,2023,12,31,24,0
