node,product,amount(tonne/week),time
ag_node1,p1,783.2532628889999,1
ag_node1,p1,783.2532628889999,2
ag_node1,p2,687.6230036681277,1
ag_node1,p2,687.6230036681277,2
ag_node1,p2,586.6508603229978,3
ag_node1,p2,595.8801943614095,4
ag_node1,p2,1089.3311471449863,5
ag_node1,p2,1089.3311471449863,6
ag_node1,p2,1089.3311471449863,7
ag_node1,p2,1089.3311471449863,8
ag_node1,p2,1089.3311471449863,9
ag_node2,p1,163.59087135599998,3
ag_node2,p1,163.59087135599998,4
ag_node2,p1,163.59087135599998,5
ag_node2,p1,163.59087135599998,6
ag_node2,p1,163.59087135599998,7
ag_node2,p1,163.59087135599998,8
ag_node2,p1,163.59087135599998,9
ag_node2,p1,163.59087135599998,10
ag_node2,p1,163.59087135599998,11
ag_node2,p1,163.59087135599998,12
ag_node2,p1,163.59087135599998,13
ag_node2,p1,163.59087135599998,14
ag_node2,p1,163.59087135599998,15
ag_node2,p2,1380.7718929175599,3
ag_node2,p2,1380.7718929175599,4
ag_node2,p2,1380.7718929175599,5
ag_node2,p2,1380.7718929175599,6
ag_node2,p2,1380.7718929175599,7
ag_node2,p2,1380.7718929175599,8
ag_node2,p2,1380.7718929175599,9
ag_node2,p2,1380.7718929175599,10
ag_node2,p2,1380.7718929175599,11
ag_node2,p2,1380.7718929175599,12
ag_node2,p2,1380.7718929175599,13
ag_node2,p2,1380.7718929175599,14
ag_node2,p2,1380.7718929175599,15
ag_node3,p3,1136.2336367432363,4
ag_node3,p3,1136.2336367432363,5
ag_node3,p3,1136.2336367432363,6
ag_node3,p3,1136.2336367432363,7
ag_node3,p3,1136.2336367432363,8
ag_node3,p3,1136.2336367432363,9
ag_node3,p3,1136.2336367432363,10
ag_node3,p3,1136.2336367432363,11
ag_node4,p2,462.23310811027045,4
ag_node4,p2,462.23310811027045,5
ag_node4,p2,462.23310811027045,6
ag_node4,p2,462.23310811027045,7
ag_node4,p2,462.23310811027045,8
ag_node4,p2,462.23310811027045,9
ag_node4,p2,462.23310811027045,10
ag_node4,p2,462.23310811027045,11
ag_node5,p2,2215.9616351940713,3
ag_node5,p2,2215.9616351940713,4
ag_node5,p2,256.66631337,5
ag_node5,p2,256.66631337,6
ag_node5,p2,2215.9616351940713,7
ag_node5,p2,2215.9616351940713,8
ag_node5,p2,256.66631337,9
ag_node5,p2,481.45762671,10
ag_node5,p2,2149.195695864003,11
ag_node5,p2,894.6141437997114,12
ag_node5,p2,530.6850750748854,13
ag_node5,p2,625.7110324234201,14
ag_node5,p2,1483.6002586316945,15
ag_node5,p3,70.79023160999999,3
ag_node5,p3,70.79023160999999,4
ag_node5,p3,2737.344688215903,5
ag_node5,p3,2737.344688215903,6
ag_node5,p3,70.79023160999999,7
ag_node5,p3,70.79023160999999,8
ag_node5,p3,2737.344688215903,9
ag_node5,p3,2431.4090430294373,10
ag_node5,p3,161.65709128499998,11
ag_node5,p3,1869.1128237460298,12
ag_node5,p3,2364.4116535279336,13
ag_node5,p3,2235.0835796849997,14
ag_node5,p3,1067.516692785,15
ag_node6,p1,99.09766042354185,3
ag_node6,p1,99.09766042354185,4
ag_node6,p1,99.09766042354185,5
ag_node6,p1,99.09766042354185,6
ag_node6,p1,99.09766042354185,7
ag_node6,p1,99.09766042354185,8
ag_node6,p1,163.590871356,9
ag_node6,p1,188.37736701900002,10
ag_node6,p1,188.37736701900002,11
ag_node6,p1,163.590871356,12
ag_node6,p1,163.590871356,13
ag_node6,p1,163.590871356,14
ag_node6,p1,163.590871356,15
ag_node6,p2,584.2389733199988,3
ag_node6,p2,366.66616194000005,4
ag_node6,p2,1641.7859364737012,5
ag_node6,p2,366.66616194000005,6
ag_node6,p2,1641.7859364737012,7
ag_node6,p2,1641.7859364737012,8
ag_node6,p2,366.66616194000005,9
ag_node6,p2,1595.9969345175066,10
ag_node6,p2,1595.9969345175066,11
ag_node6,p2,1608.709217539929,12
ag_node6,p2,586.66585911,13
ag_node6,p2,1608.709217539929,14
ag_node6,p2,912.0848989207018,15
ag_node6,p3,1557.280050156407,3
ag_node6,p3,1853.3914854052202,4
ag_node6,p3,117.98371934999999,5
ag_node6,p3,1853.3914854052202,6
ag_node6,p3,117.98371934999999,7
ag_node6,p3,117.98371934999999,8
ag_node6,p3,1808.3748555484015,9
ag_node6,p3,117.98371934999999,10
ag_node6,p3,117.98371934999999,11
ag_node6,p3,117.98371934999999,12
ag_node6,p3,1508.9604863074953,13
ag_node6,p3,117.98371934999999,14
ag_node6,p3,1066.072892382256,15
ag_node7,p1,89.27970659545814,1
ag_node7,p1,89.27970659545814,2
ag_node7,p1,89.27970659545814,3
ag_node7,p1,89.27970659545814,4
ag_node7,p1,89.27970659545814,5
ag_node7,p1,89.27970659545814,6
ag_node7,p1,89.27970659545814,7
ag_node7,p1,89.27970659545814,8
ag_node8,p1,14.871897396,1
ag_node8,p1,14.871897396,2
ag_node8,p2,468.4519124449941,1
ag_node8,p2,468.4519124449941,2
ag_node8,p2,748.2066827812633,3
ag_node8,p2,748.2066827812633,4
ag_node8,p2,748.2066827812633,5
ag_node8,p2,748.2066827812633,6
ag_node8,p2,748.2066827812633,7
ag_node8,p2,748.2066827812633,8
ag_node8,p2,748.2066827812633,9
ag_node8,p3,47.193487739999995,1
ag_node8,p3,47.193487739999995,2
ag_node8,p8,92.72191002180259,1
ag_node8,p8,92.72191002180259,2
ag_node9,p1,421.370426223,3
ag_node9,p1,371.79743490299995,4
ag_node9,p1,371.79743490299995,5
ag_node9,p1,371.79743490299995,6
ag_node9,p1,371.79743490299995,7
ag_node9,p1,371.79743490299995,8
ag_node9,p1,371.79743490299995,9
ag_node9,p1,371.797434903,10
ag_node9,p1,371.797434903,11
ag_node9,p1,421.370426223,12
ag_node9,p1,421.370426223,13
ag_node9,p1,421.370426223,14
ag_node9,p1,421.370426223,15
ag_node9,p2,958.2828740119157,3
ag_node9,p2,974.8301191923487,4
ag_node9,p2,974.8301191923487,5
ag_node9,p2,974.8301191923487,6
ag_node9,p2,974.8301191923487,7
ag_node9,p2,974.8301191923487,8
ag_node9,p2,974.8301191923487,9
ag_node9,p2,974.8301191923478,10
ag_node9,p2,978.3983018653768,11
ag_node9,p2,958.282874011916,12
ag_node9,p2,958.282874011916,13
ag_node9,p2,958.282874011916,14
ag_node9,p2,958.282874011916,15
ag_node9,p3,7.079023161,3
ag_node9,p3,7.079023161,12
ag_node9,p3,7.079023161,13
ag_node9,p3,7.079023161,14
ag_node9,p3,7.079023161,15
ag_node9,p8,120.7932627582163,3
ag_node9,p8,129.6776951230204,4
ag_node9,p8,129.6776951230204,5
ag_node9,p8,129.6776951230204,6
ag_node9,p8,129.6776951230204,7
ag_node9,p8,129.6776951230204,8
ag_node9,p8,129.6776951230204,9
ag_node9,p8,129.67769512302073,10
ag_node9,p8,114.10027073390904,11
ag_node9,p8,120.79326275821614,12
ag_node9,p8,120.79326275821614,13
ag_node9,p8,120.79326275821614,14
ag_node9,p8,120.79326275821614,15
ag_node9,p9,18.1359838350194,11
ag_node10,p1,49.57299132,4
ag_node10,p1,49.57299132,5
ag_node10,p1,49.57299132,6
ag_node10,p1,49.57299132,7
ag_node10,p1,49.57299132,8
ag_node10,p1,49.57299132,9
ag_node10,p1,49.57299132,10
ag_node10,p1,49.57299132,11
ag_node10,p2,292.06727890127326,4
ag_node10,p2,292.06727890127326,5
ag_node10,p2,292.06727890127326,6
ag_node10,p2,292.06727890127326,7
ag_node10,p2,292.06727890127326,8
ag_node10,p2,292.06727890127326,9
ag_node10,p2,292.06727890127326,10
ag_node10,p2,292.06727890127326,11
ag_node10,p3,7.079023161,4
ag_node10,p3,7.079023161,5
ag_node10,p3,7.079023161,6
ag_node10,p3,7.079023161,7
ag_node10,p3,7.079023161,8
ag_node10,p3,7.079023161,9
ag_node10,p3,7.079023161,10
ag_node10,p3,7.079023161,11
ag_node11,p2,36.60698945232374,2
ag_node11,p3,203.39940350455322,1
ag_node11,p3,153.57815921344672,2
ag_node11,p5,161.09168928027253,3
ag_node11,p5,161.09168928027253,4
ag_node11,p5,161.09168928027253,5
ag_node11,p5,161.09168928027253,6
ag_node11,p5,161.09168928027253,7
ag_node11,p5,161.09168928027253,8
ag_node11,p5,161.09168928027253,9
ag_node12,p1,264.67865728693255,1
ag_node12,p1,317.50845140874156,2
ag_node12,p1,1951.5026745773373,3
ag_node12,p1,2059.3185809483766,4
ag_node12,p1,1126.3311094803018,5
ag_node12,p1,1843.6867682062984,6
ag_node12,p1,2059.3185809483766,7
ag_node12,p1,1843.6867682062984,8
ag_node12,p1,1951.5026745773373,9
ag_node12,p2,1075.28395806,1
ag_node12,p2,1059.6652080600002,2
ag_node12,p2,329.99954574000003,3
ag_node12,p2,298.12454574000003,4
ag_node12,p2,329.99954574000003,5
ag_node12,p2,361.87454574000003,6
ag_node12,p2,298.12454574000003,7
ag_node12,p2,361.87454574000003,8
ag_node12,p2,329.99954574000003,9
ag_node12,p3,269.28374664,1
ag_node12,p3,253.66499664000003,2
ag_node12,p3,106.18534743000001,3
ag_node12,p3,74.31034743,4
ag_node12,p3,106.18534743000001,5
ag_node12,p3,138.06034743,6
ag_node12,p3,74.31034743,7
ag_node12,p3,138.06034743,8
ag_node12,p3,106.18534743000001,9
ag_node12,p5,456.1699718799746,5
ag_node13,p1,49.57299132,10
ag_node13,p1,49.57299132,11
ag_node13,p1,49.57299132,12
ag_node13,p1,446.15692188,13
ag_node13,p1,148.71897396,14
ag_node13,p1,148.71897396,15
ag_node13,p2,1310.3312545808137,3
ag_node13,p2,1310.3312545808137,4
ag_node13,p2,1310.3312545808137,5
ag_node13,p2,1310.3312545808137,6
ag_node13,p2,1310.3312545808137,7
ag_node13,p2,1310.3312545808137,8
ag_node13,p2,1310.3312545808137,9
ag_node13,p2,1258.8995373744608,10
ag_node13,p2,1258.8995373744608,11
ag_node13,p2,1258.8995373744608,12
ag_node13,p2,1055.503009040317,13
ag_node13,p2,1208.050405290925,14
ag_node13,p2,1208.050405290925,15
ag_node13,p3,112.08453338999999,3
ag_node13,p3,112.08453338999999,4
ag_node13,p3,112.08453338999999,5
ag_node13,p3,112.08453338999999,6
ag_node13,p3,112.08453338999999,7
ag_node13,p3,112.08453338999999,8
ag_node13,p3,112.08453338999999,9
ag_node13,p3,147.47964921,10
ag_node13,p3,147.47964921,11
ag_node13,p3,147.47964921,12
ag_node13,p3,147.47964921,13
ag_node13,p3,147.47964921,14
ag_node13,p3,147.47964921,15
ag_node14,p1,113.96955781954185,1
ag_node14,p1,113.96955781954185,2
ag_node14,p1,24.786495662999997,9
ag_node14,p2,8.214098065005947,1
ag_node14,p2,8.214098065005947,2
ag_node14,p2,121.69988681280427,3
ag_node14,p2,121.69988681280427,4
ag_node14,p2,121.69988681280427,5
ag_node14,p2,121.69988681280427,6
ag_node14,p2,121.69988681280427,7
ag_node14,p2,121.69988681280427,8
ag_node14,p2,105.03052892763993,9
ag_node14,p3,47.193487739999995,1
ag_node14,p3,47.193487739999995,2
ag_node15,p2,513.33262671,3
ag_node15,p2,513.33262671,4
ag_node15,p2,379.5964164466949,5
ag_node15,p2,1361.1699104216013,6
ag_node15,p2,293.33292954,7
ag_node15,p2,513.33262671,8
ag_node15,p2,513.33262671,9
ag_node15,p2,513.33262671,10
ag_node15,p2,513.33262671,11
ag_node15,p2,293.33292954,12
ag_node15,p2,1361.1699104216013,13
ag_node15,p2,1290.8502283219843,14
ag_node15,p2,513.33262671,15
ag_node15,p3,1319.063638693911,3
ag_node15,p3,1319.063638693911,4
ag_node15,p3,1501.0754485088798,5
ag_node15,p3,165.17720708999997,6
ag_node15,p3,1618.4780079348172,7
ag_node15,p3,1319.063638693911,8
ag_node15,p3,1319.063638693911,9
ag_node15,p3,1319.063638693911,10
ag_node15,p3,1319.063638693911,11
ag_node15,p3,1618.4780079348172,12
ag_node15,p3,165.17720708999997,13
ag_node15,p3,260.88062637611057,14
ag_node15,p3,1319.063638693911,15
ag_node16,p1,198.29196531,3
ag_node16,p1,198.29196531,4
ag_node16,p1,198.29196531,5
ag_node16,p1,198.29196531,6
ag_node16,p1,198.29196531,7
ag_node16,p1,198.29196531,8
ag_node16,p1,198.29196531,9
ag_node16,p1,198.29196531,10
ag_node16,p1,198.29196531,11
ag_node16,p1,198.29196531,12
ag_node16,p1,198.29196531,13
ag_node16,p1,198.29196531,14
ag_node16,p1,198.29196531,15
ag_node16,p2,980.8086584448525,3
ag_node16,p2,1157.6205448147848,4
ag_node16,p2,1157.6205448147848,5
ag_node16,p2,110.37961364403503,6
ag_node16,p2,1157.6205448147848,7
ag_node16,p2,1157.6205448147848,8
ag_node16,p2,1157.6205448147848,9
ag_node16,p2,402.1994524823985,10
ag_node16,p2,1169.6767027863812,11
ag_node16,p2,1174.1757725815892,12
ag_node16,p2,1174.1757725815892,13
ag_node16,p2,1174.1757725815892,14
ag_node16,p2,945.99869793,15
ag_node16,p3,240.6367831990231,3
ag_node16,p3,1425.2700657467424,6
ag_node16,p3,1062.9725673512594,10
ag_node16,p3,47.193487739999995,11
ag_node16,p3,47.193487739999995,12
ag_node16,p3,47.193487739999995,13
ag_node16,p3,47.193487739999995,14
ag_node16,p3,357.73707375797693,15
ag_node16,p9,44.000000000000036,3
ag_node16,p9,44.000000000000036,4
ag_node16,p9,44.000000000000036,5
ag_node16,p9,44.000000000000036,6
ag_node16,p9,44.000000000000036,7
ag_node16,p9,44.000000000000036,8
ag_node16,p9,44.000000000000036,9
ag_node16,p9,22.000000000000018,10
ag_node16,p9,3.864016164980619,11
ag_node17,p2,36.286851125964965,1
ag_node17,p2,36.286851125964965,2
ag_node17,p2,36.286851125964965,3
ag_node17,p2,36.286851125964965,4
ag_node17,p2,36.286851125964965,5
ag_node17,p2,36.286851125964965,6
ag_node17,p2,36.286851125964965,7
ag_node17,p2,36.286851125964965,8
ag_node17,p2,36.286851125964965,9
ag_node17,p3,47.193487739999995,1
ag_node17,p3,47.193487739999995,2
ag_node17,p3,47.193487739999995,3
ag_node17,p3,47.193487739999995,4
ag_node17,p3,47.193487739999995,5
ag_node17,p3,47.193487739999995,6
ag_node17,p3,47.193487739999995,7
ag_node17,p3,47.193487739999995,8
ag_node17,p3,47.193487739999995,9
ag_node18,p2,1973.148631131908,3
ag_node18,p2,1973.148631131908,4
ag_node18,p2,1973.148631131908,5
ag_node18,p2,1973.148631131908,6
ag_node18,p2,1973.148631131908,7
ag_node18,p2,1973.148631131908,8
ag_node18,p2,226.1594790674985,9
ag_node18,p2,1973.148631131908,10
ag_node18,p2,953.33202114,11
ag_node18,p2,1921.1343288247815,12
ag_node18,p2,1964.152266394152,13
ag_node18,p2,1973.148631131908,14
ag_node18,p2,1826.1020889482838,15
ag_node18,p3,318.556042275,3
ag_node18,p3,318.556042275,4
ag_node18,p3,318.556042275,5
ag_node18,p3,318.556042275,6
ag_node18,p3,318.556042275,7
ag_node18,p3,318.556042275,8
ag_node18,p3,2696.1668379474913,9
ag_node18,p3,318.556042275,10
ag_node18,p3,1706.5022574289942,11
ag_node18,p3,389.34627388499996,12
ag_node18,p3,330.7998812805366,13
ag_node18,p3,318.556042275,14
ag_node18,p3,518.6828980994633,15
ag_node19,p1,163.590871356,3
ag_node19,p1,163.590871356,4
ag_node19,p1,163.590871356,5
ag_node19,p1,163.590871356,6
ag_node19,p1,163.590871356,7
ag_node19,p1,163.590871356,8
ag_node19,p1,163.590871356,9
ag_node19,p1,163.590871356,10
ag_node19,p1,163.590871356,11
ag_node19,p1,188.37736701900002,12
ag_node19,p1,188.37736701900002,13
ag_node19,p1,188.37736701900002,14
ag_node19,p1,188.37736701900002,15
ag_node19,p2,1141.2445571760995,3
ag_node19,p2,765.9291972515289,4
ag_node19,p2,654.9392667479958,5
ag_node19,p2,601.33250544,6
ag_node19,p2,601.33250544,7
ag_node19,p2,837.1613108591298,8
ag_node19,p2,953.7822208282525,9
ag_node19,p2,1334.844119583478,10
ag_node19,p2,1334.844119583478,11
ag_node19,p2,1328.8939848461864,12
ag_node19,p2,1328.8939848461864,13
ag_node19,p2,1303.9709954874409,14
ag_node19,p2,1263.8363249401946,15
ag_node19,p3,94.38697547999999,3
ag_node19,p3,94.38697547999999,4
ag_node19,p3,94.38697547999999,5
ag_node19,p3,94.38697547999999,6
ag_node19,p3,94.38697547999999,7
ag_node19,p3,94.38697547999999,8
ag_node19,p3,94.38697547999999,9
ag_node19,p3,94.38697547999999,10
ag_node19,p3,94.38697547999999,11
ag_node19,p3,94.38697547999999,12
ag_node19,p3,94.38697547999999,13
ag_node19,p3,132.35369405680663,14
ag_node19,p3,193.49329974,15
ag_node19,p8,305.6395966341365,3
ag_node19,p8,455.0508370361071,4
ag_node19,p8,499.2353947690872,5
ag_node19,p8,520.5759887233813,6
ag_node19,p8,520.5759887233813,7
ag_node19,p8,426.6936750678234,8
ag_node19,p8,380.26745148135717,9
ag_node19,p8,228.56854159823678,10
ag_node19,p8,228.56854159823678,11
ag_node19,p8,224.30127039731633,12
ag_node19,p8,224.30127039731633,13
ag_node19,p8,222.42471575216533,14
ag_node19,p8,219.40281090106828,15
ag_node20,p2,1389.2536941073151,1
ag_node20,p2,1408.137186818569,2
ag_node20,p2,109.99984860000002,3
ag_node20,p2,109.99984860000002,4
ag_node20,p2,109.99984860000002,5
ag_node20,p2,109.99984860000002,6
ag_node20,p2,430.76715676706186,7
ag_node20,p2,229.2319348329383,8
ag_node20,p2,183.33308100000005,9
ag_node20,p3,171.99979763914536,1
ag_node20,p3,146.29981199399998,2
ag_node20,p3,35.395115804999996,3
ag_node20,p3,35.395115804999996,4
ag_node20,p3,35.395115804999996,5
ag_node20,p3,35.395115804999996,6
ag_node20,p3,35.395115804999996,7
ag_node20,p3,35.395115804999996,8
ag_node20,p3,35.395115804999996,9
ag_node20,p5,1487.0840534836993,3
ag_node20,p5,1487.0840534836993,4
ag_node20,p5,1487.0840534836993,5
ag_node20,p5,1487.0840534836993,6
ag_node20,p5,1141.332519037252,7
ag_node20,p5,1358.5651061949097,8
ag_node20,p5,1408.038973194493,9
ag_node21,p1,2104.0683825636943,3
ag_node21,p1,2104.0683825636943,4
ag_node21,p1,2104.0683825636943,5
ag_node21,p1,2104.0683825636943,6
ag_node21,p1,2104.0683825636943,7
ag_node21,p1,2104.0683825636943,8
ag_node21,p1,2104.0683825636943,9
ag_node21,p1,1872.159870817563,10
ag_node21,p1,1022.0925151232948,11
ag_node21,p1,1194.6009684275593,12
ag_node21,p1,1435.9885776012127,13
ag_node21,p1,1465.855617308472,14
ag_node21,p1,967.8967810235115,15
ag_node21,p2,73.33323240000001,3
ag_node21,p2,73.33323240000001,4
ag_node21,p2,73.33323240000001,5
ag_node21,p2,73.33323240000001,6
ag_node21,p2,73.33323240000001,7
ag_node21,p2,73.33323240000001,8
ag_node21,p2,73.33323240000001,9
ag_node21,p2,201.666389067,10
ag_node21,p2,625.9948003259154,11
ag_node21,p2,657.3367664280846,12
ag_node21,p2,494.999318607,13
ag_node21,p2,474.913204756146,14
ag_node21,p2,515.085432457854,15
ag_node21,p3,23.596743869999997,3
ag_node21,p3,23.596743869999997,4
ag_node21,p3,23.596743869999997,5
ag_node21,p3,23.596743869999997,6
ag_node21,p3,23.596743869999997,7
ag_node21,p3,23.596743869999997,8
ag_node21,p3,23.596743869999997,9
ag_node21,p3,58.991859690000005,10
ag_node21,p3,247.76581065,11
ag_node21,p3,58.991859690000005,12
ag_node21,p3,58.991859690000005,13
ag_node21,p3,58.991859690000005,14
ag_node21,p3,436.53976160999997,15
ag_node22,p1,973.2540273628712,3
ag_node22,p1,1622.3598499361387,4
ag_node22,p1,14.871897396,5
ag_node22,p1,14.871897396,6
ag_node22,p1,14.871897396,7
ag_node22,p1,14.871897396,8
ag_node22,p1,14.871897396,9
ag_node22,p1,14.871897396,10
ag_node22,p1,14.871897396,11
ag_node22,p1,14.871897396,12
ag_node22,p1,14.871897396,13
ag_node22,p1,14.871897396,14
ag_node22,p1,568.90035656899,15
ag_node22,p2,459.54703382098455,3
ag_node22,p2,458.33270240999997,4
ag_node22,p2,957.68270241,5
ag_node22,p2,341.46616194,6
ag_node22,p2,391.86616194000004,7
ag_node22,p2,366.66616194000005,8
ag_node22,p2,341.46616194,9
ag_node22,p2,850.19886429,10
ag_node22,p2,341.46616194,11
ag_node22,p2,941.86540482,12
ag_node22,p2,733.33232388,13
ag_node22,p2,916.6654048199999,14
ag_node22,p2,824.99886435,15
ag_node22,p3,646.829649204,3
ag_node22,p3,92.783719365,4
ag_node22,p3,202.175579043,5
ag_node22,p3,117.98371936499998,6
ag_node22,p3,92.783719365,7
ag_node22,p3,117.98371936499998,8
ag_node22,p3,143.183719365,9
ag_node22,p3,146.42067474033178,10
ag_node22,p3,92.783719365,11
ag_node22,p3,190.377207105,12
ag_node22,p3,139.977207105,13
ag_node22,p3,190.377207105,14
ag_node22,p3,431.69955011966834,15
ag_node22,p8,69.6258941794681,5
ag_node22,p8,64.19057089577635,6
ag_node22,p8,313.04364596945,7
ag_node23,p1,148.71897396,1
ag_node23,p1,148.71897396,2
ag_node23,p2,740.6621615051668,1
ag_node23,p2,1238.9692992859957,2
ag_node23,p2,1384.59540049849,3
ag_node23,p2,238.333005237,4
ag_node23,p2,1384.59540049849,5
ag_node23,p2,1384.59540049849,6
ag_node23,p2,1384.59540049849,7
ag_node23,p2,820.1212822088025,8
ag_node23,p2,531.6659347770001,9
ag_node23,p3,813.8654714722171,1
ag_node23,p3,135.68127728400003,2
ag_node23,p3,41.29430178900001,3
ag_node23,p3,1601.3302312774997,4
ag_node23,p3,41.29430178900001,5
ag_node23,p3,41.29430178900001,6
ag_node23,p3,41.29430178900001,7
ag_node23,p3,809.530186904439,8
ag_node23,p3,1202.111072316844,9
ag_node24,p2,73.33323240000001,10
ag_node24,p2,591.5299788910787,11
ag_node24,p2,220.24508831623208,12
ag_node24,p2,515.4938582185146,13
ag_node24,p2,286.5150076613962,14
ag_node24,p2,97.58766948171642,15
ag_node24,p3,1187.039894279787,3
ag_node24,p3,1187.039894279787,4
ag_node24,p3,1187.039894279787,5
ag_node24,p3,1187.039894279787,6
ag_node24,p3,1187.039894279787,7
ag_node24,p3,1187.039894279787,8
ag_node24,p3,1187.039894279787,9
ag_node24,p3,1087.2351045192086,10
ag_node24,p3,381.9816246772657,11
ag_node24,p3,617.657896219872,12
ag_node24,p3,357.41178719175224,13
ag_node24,p3,598.2563395882477,14
ag_node24,p3,477.83406338999987,15
ag_node24,p5,213.54901042606272,12
ag_node24,p5,101.41772785481028,13
ag_node24,p5,157.48336914043657,14
ag_node24,p5,456.50012266377695,15
ag_node25,p3,86.62102023543947,1
ag_node25,p3,86.62102023543947,2
ag_node25,p3,86.62102023543947,3
ag_node25,p3,86.62102023543947,4
ag_node25,p3,86.62102023543947,5
ag_node25,p3,86.62102023543947,6
ag_node25,p3,86.62102023543947,7
ag_node25,p3,86.62102023543947,8
ag_node26,p1,74.35948698,3
ag_node26,p1,74.35948698,4
ag_node26,p1,74.35948698,5
ag_node26,p1,74.35948698,6
ag_node26,p1,74.35948698,7
ag_node26,p1,74.35948698,8
ag_node26,p1,74.35948698,9
ag_node26,p1,74.35948698,10
ag_node26,p1,74.35948698,11
ag_node26,p1,74.35948698,12
ag_node26,p1,74.35948698,13
ag_node26,p1,74.35948698,14
ag_node26,p1,74.35948698,15
ag_node26,p2,1193.268316871597,3
ag_node26,p2,1197.60284206496,4
ag_node26,p2,1197.60284206496,5
ag_node26,p2,486.22206699567187,6
ag_node26,p2,1197.60284206496,7
ag_node26,p2,1197.60284206496,8
ag_node26,p2,219.99969717,9
ag_node26,p2,1197.60284206496,10
ag_node26,p2,1197.60284206496,11
ag_node26,p2,238.33300526699998,12
ag_node26,p2,238.33300526699998,13
ag_node26,p2,1151.812592938157,14
ag_node26,p2,1196.7359370298143,15
ag_node26,p3,175.79574183900002,3
ag_node26,p3,169.89655587,4
ag_node26,p3,169.89655587,5
ag_node26,p3,1138.068916093244,6
ag_node26,p3,169.89655587,7
ag_node26,p3,169.89655587,8
ag_node26,p3,1500.3912463716263,9
ag_node26,p3,169.89655587,10
ag_node26,p3,169.89655587,11
ag_node26,p3,1475.4400489355642,12
ag_node26,p3,1475.4400489355642,13
ag_node26,p3,232.2159987421934,14
ag_node26,p3,171.076393059,15
ag_node27,p1,99.14598264,3
ag_node27,p1,88.0024033176491,8
ag_node27,p2,401.58494796023166,1
ag_node27,p2,468.9685020944168,2
ag_node27,p2,365.4518305290154,3
ag_node27,p2,432.12926206160256,4
ag_node27,p2,301.20306181839743,5
ag_node27,p2,433.2942017691761,6
ag_node27,p2,487.38812211082393,7
ag_node27,p2,366.66616194,8
ag_node27,p2,366.66616194,9
ag_node27,p3,157.1129932379998,1
ag_node27,p3,70.79023160999999,2
ag_node27,p3,117.98371934999997,3
ag_node27,p3,117.98371934999997,4
ag_node27,p3,285.7087869821965,5
ag_node27,p3,116.49135501897035,6
ag_node27,p3,47.193487739999995,7
ag_node27,p3,126.0287138427349,8
ag_node27,p3,201.8462531660982,9
ag_node28,p2,91.54628848140892,5
ag_node28,p2,109.99984857,10
ag_node28,p2,109.99984857,11
ag_node28,p5,1762.0997920562918,4
ag_node28,p5,1663.4230600158835,5
ag_node28,p5,1762.0997920562918,6
ag_node28,p5,1762.0997920562918,7
ag_node28,p5,1762.0997920562918,8
ag_node28,p5,1762.0997920562918,9
ag_node28,p5,1643.5321716548194,10
ag_node28,p5,1643.5321716548194,11
ag_node29,p1,541.897710239249,3
ag_node29,p1,541.897710239249,4
ag_node29,p1,541.897710239249,5
ag_node29,p1,541.897710239249,6
ag_node29,p1,541.897710239249,7
ag_node29,p1,541.897710239249,8
ag_node29,p1,541.897710239249,9
ag_node29,p2,15.98107021714722,1
ag_node29,p2,15.98107021714722,2
ag_node29,p8,138.71816059685054,1
ag_node29,p8,138.71816059685054,2
ag_node30,p1,800.8103462742833,4
ag_node30,p1,800.8103462742833,11
ag_node30,p1,362.4036303502414,12
ag_node30,p1,778.4003426119366,14
ag_node30,p1,728.3778152620137,15
ag_node30,p2,109.99984860000002,3
ag_node30,p2,551.563009930274,4
ag_node30,p2,902.6964580283017,5
ag_node30,p2,962.2756781320685,6
ag_node30,p2,962.2756781320685,7
ag_node30,p2,962.2756781320685,8
ag_node30,p2,962.2756781320685,9
ag_node30,p2,109.99984860000002,10
ag_node30,p2,551.563009930274,11
ag_node30,p2,109.99984860000002,12
ag_node30,p2,840.9089727487727,13
ag_node30,p2,505.70184795143825,14
ag_node30,p2,403.3327781400001,15
ag_node30,p3,1195.3223029839294,3
ag_node30,p3,35.395115804999996,4
ag_node30,p3,116.48102108899612,5
ag_node30,p3,35.395115804999996,6
ag_node30,p3,35.395115804999996,7
ag_node30,p3,35.395115804999996,8
ag_node30,p3,35.395115804999996,9
ag_node30,p3,1195.3223029839294,10
ag_node30,p3,35.395115804999996,11
ag_node30,p3,942.362497597135,12
ag_node30,p3,200.57232289499996,13
ag_node30,p3,113.45338003259951,14
ag_node30,p3,287.69126575740046,15
ag_node31,p1,99.14598264,4
ag_node31,p1,99.14598264,5
ag_node31,p1,99.14598264,6
ag_node31,p1,99.14598264,7
ag_node31,p1,99.14598264,8
ag_node31,p1,99.14598264,9
ag_node31,p1,99.14598264,10
ag_node31,p1,99.14598264,11
ag_node31,p2,201.666389067,4
ag_node31,p2,201.666389067,5
ag_node31,p2,201.666389067,6
ag_node31,p2,201.666389067,7
ag_node31,p2,201.666389067,8
ag_node31,p2,201.666389067,9
ag_node31,p2,380.982551007,10
ag_node31,p2,755.682551007,11
ag_node31,p3,64.89104565900001,4
ag_node31,p3,64.89104565900001,5
ag_node31,p3,64.89104565900001,6
ag_node31,p3,64.89104565900001,7
ag_node31,p3,64.89104565900001,8
ag_node31,p3,64.89104565900001,9
ag_node31,p3,112.08453339900001,10
ag_node31,p3,253.664996619,11
ag_node31,p8,396.5863846134691,4
ag_node31,p8,396.5863846134691,5
ag_node31,p8,396.5863846134691,6
ag_node31,p8,396.5863846134691,7
ag_node31,p8,396.5863846134691,8
ag_node31,p8,396.5863846134691,9
ag_node31,p8,310.5359582870979,10
ag_node31,p8,117.37311667173049,11
ag_node32,p1,114.01788003,3
ag_node32,p1,114.01788003,4
ag_node32,p1,114.01788003,5
ag_node32,p1,114.01788003,6
ag_node32,p1,114.01788003,7
ag_node32,p1,114.01788003,8
ag_node32,p1,114.01788003,9
ag_node32,p1,114.01788003,10
ag_node32,p1,114.01788003,11
ag_node32,p1,114.01788003,12
ag_node32,p1,114.01788003,13
ag_node32,p1,114.01788003,14
ag_node32,p1,114.01788003,15
ag_node32,p2,249.33299015400004,3
ag_node32,p2,249.33299015400004,4
ag_node32,p2,249.33299015400004,5
ag_node32,p2,249.33299015400004,6
ag_node32,p2,249.33299015400004,7
ag_node32,p2,249.33299015400004,8
ag_node32,p2,249.33299015400004,9
ag_node32,p2,249.33299015400004,10
ag_node32,p2,249.33299015400004,11
ag_node32,p2,249.33299015400004,12
ag_node32,p2,249.33299015400004,13
ag_node32,p2,249.33299015400004,14
ag_node32,p2,249.33299015400004,15
ag_node32,p3,618.5343648128193,3
ag_node32,p3,1226.2942151286209,4
ag_node32,p3,1226.2942151286209,5
ag_node32,p3,1226.2942151286209,6
ag_node32,p3,120.343393737,7
ag_node32,p3,120.343393737,8
ag_node32,p3,1136.8652145559004,9
ag_node32,p3,285.52060082699995,10
ag_node32,p3,285.52060082699995,11
ag_node32,p3,261.923856957,12
ag_node32,p3,120.343393737,13
ag_node32,p3,191.13362534700002,14
ag_node32,p3,568.681527267,15
ag_node32,p5,481.34389421602407,3
ag_node32,p5,875.9095799162113,7
ag_node32,p5,875.9095799162113,8
ag_node32,p5,70.82748781307765,9
ag_node32,p5,745.08975024975,10
ag_node32,p5,745.08975024975,11
ag_node32,p5,763.7782973449588,12
ag_node32,p5,875.9095799162113,13
ag_node32,p5,819.843938630585,14
ag_node32,p5,520.8271851072445,15
ag_node33,p1,114.01788003,1
ag_node33,p1,114.01788003,2
ag_node33,p2,73.33323240000001,1
ag_node33,p2,73.33323240000001,2
ag_node33,p3,1856.7166721422898,1
ag_node33,p3,1856.7166721422898,2
ag_node33,p5,1481.8015510202224,3
ag_node33,p5,1481.8015510202224,4
ag_node33,p5,1481.8015510202224,5
ag_node33,p5,1481.8015510202224,6
ag_node33,p5,1481.8015510202224,7
ag_node33,p5,1481.8015510202224,8
ag_node33,p5,1481.8015510202224,9
ag_node33,p6,178.00000000000014,3
ag_node33,p6,178.00000000000014,4
ag_node33,p6,178.00000000000014,5
ag_node33,p6,178.00000000000014,6
ag_node33,p6,178.00000000000014,7
ag_node33,p6,178.00000000000014,8
ag_node33,p6,178.00000000000014,9
ag_node34,p2,2042.7688796178047,3
ag_node34,p2,2042.7688796178047,4
ag_node34,p2,62.33324753400001,5
ag_node34,p2,2042.7688796178047,6
ag_node34,p2,2042.7688796178047,7
ag_node34,p2,2042.7688796178047,8
ag_node34,p2,2042.7688796178047,9
ag_node34,p2,2038.434354424442,10
ag_node34,p2,2038.434354424442,11
ag_node34,p2,1672.7719323397903,12
ag_node34,p2,2038.434354424442,13
ag_node34,p2,1198.9983495840002,14
ag_node34,p2,1198.9983495840002,15
ag_node34,p3,55.452348111000006,3
ag_node34,p3,55.452348111000006,4
ag_node34,p3,2750.7782655116152,5
ag_node34,p3,55.452348111000006,6
ag_node34,p3,55.452348111000006,7
ag_node34,p3,55.452348111000006,8
ag_node34,p3,55.452348111000006,9
ag_node34,p3,61.35153408000001,10
ag_node34,p3,61.35153408000001,11
ag_node34,p3,559.0094166677936,12
ag_node34,p3,61.35153408000001,13
ag_node34,p3,1203.8040244267947,14
ag_node34,p3,1203.8040244267947,15
ag_node35,p3,507.88722818069675,4
ag_node35,p3,228.77124669161765,9
ag_node35,p5,402.2450908990604,5
ag_node35,p5,402.2450908990604,6
ag_node35,p5,402.2450908990604,7
ag_node35,p5,402.2450908990604,8
ag_node35,p5,221.05898143497015,9
ag_node35,p5,140.66812743165457,10
ag_node35,p5,140.66812743165457,11
ag_node35,p6,356.0000000000003,10
ag_node35,p6,356.0000000000003,11
ag_node36,p1,423.0649697511083,3
ag_node36,p1,423.0649697511083,4
ag_node36,p1,423.0649697511083,5
ag_node36,p1,423.0649697511083,6
ag_node36,p1,423.0649697511083,7
ag_node36,p1,423.0649697511083,8
ag_node36,p1,423.0649697511083,9
ag_node36,p2,109.99984857,1
ag_node36,p2,109.99984857,2
ag_node36,p3,35.39511582000001,1
ag_node36,p3,35.39511582000001,2
ag_node36,p8,58.47597030990778,1
ag_node36,p8,58.47597030990778,2
ag_node37,p3,1137.7269439357835,1
ag_node37,p3,1107.2405969082636,2
ag_node37,p3,1219.3542247767866,5
ag_node37,p3,276.3652673999995,6
ag_node37,p3,1846.3364284512277,9
ag_node37,p5,1199.183213326579,1
ag_node37,p5,1223.3283045020203,2
ag_node37,p5,1969.4709008462166,3
ag_node37,p5,1969.4709008462166,4
ag_node37,p5,1003.7461813244479,5
ag_node37,p5,1750.5904763376782,6
ag_node37,p5,1969.4709008462166,7
ag_node37,p5,1969.4709008462166,8
ag_node37,p5,507.178243570773,9
ag_node37,p6,178.00000000000014,3
ag_node37,p6,178.00000000000014,4
ag_node37,p6,178.00000000000014,5
ag_node37,p6,178.00000000000014,6
ag_node37,p6,178.00000000000014,7
ag_node37,p6,178.00000000000014,8
ag_node37,p6,178.00000000000014,9
ag_node38,p1,1310.9256132499188,3
ag_node38,p1,1515.5734191689135,4
ag_node38,p1,2035.767214306972,5
ag_node38,p1,2121.109541677655,6
ag_node38,p1,2499.145748147819,7
ag_node38,p1,878.9265421392547,8
ag_node38,p1,1837.9031195715538,9
ag_node38,p1,2330.422493977317,10
ag_node38,p1,2330.422493977317,11
ag_node38,p1,2125.774688058323,12
ag_node38,p1,2125.774688058323,13
ag_node38,p1,2125.774688058323,14
ag_node38,p1,2125.774688058323,15
ag_node38,p2,225.91259910599598,3
ag_node38,p2,115.91275053599598,4
ag_node38,p2,115.91275053599598,5
ag_node38,p2,115.91275053599598,6
ag_node38,p2,115.91275053599598,7
ag_node38,p2,115.91275053599598,8
ag_node38,p2,115.91275053599598,9
ag_node38,p2,183.33308097,10
ag_node38,p2,183.33308097,11
ag_node38,p2,293.33292954,12
ag_node38,p2,293.33292954,13
ag_node38,p2,293.33292954,14
ag_node38,p2,293.33292954,15
ag_node38,p3,35.39511582000001,3
ag_node38,p3,58.99185969,10
ag_node38,p3,58.99185969,11
ag_node38,p3,94.38697551000001,12
ag_node38,p3,94.38697551000001,13
ag_node38,p3,94.38697551000001,14
ag_node38,p3,94.38697551000001,15
ag_node38,p8,263.32796057743127,3
ag_node38,p8,263.3279605774312,4
ag_node38,p8,124.0585167929093,5
ag_node38,p8,101.21015032779752,6
ag_node38,p8,433.7749310714599,8
ag_node38,p8,177.03189455381897,9
ag_node39,p3,319.5014470367495,1
ag_node39,p3,319.5014470367495,2
ag_node39,p3,154.36382082676053,3
ag_node39,p3,154.36382082676053,4
ag_node39,p3,154.36382082676053,5
ag_node39,p3,154.36382082676053,6
ag_node39,p3,154.36382082676053,7
ag_node39,p3,154.36382082676053,8
ag_node39,p3,154.36382082676053,9
ag_node39,p6,178.00000000000014,3
ag_node39,p6,178.00000000000014,4
ag_node39,p6,178.00000000000014,5
ag_node39,p6,178.00000000000014,6
ag_node39,p6,178.00000000000014,7
ag_node39,p6,178.00000000000014,8
ag_node39,p6,178.00000000000014,9
ag_node40,p3,1806.047152905995,3
ag_node40,p3,1806.047152905995,4
ag_node40,p3,1806.047152905995,5
ag_node40,p3,1806.047152905995,6
ag_node40,p3,1806.047152905995,7
ag_node40,p3,1806.047152905995,8
ag_node40,p3,1806.047152905995,9
ag_node40,p3,1806.047152905995,10
ag_node40,p3,1806.047152905995,11
ag_node40,p3,1806.047152905995,12
ag_node40,p3,1806.047152905995,13
ag_node40,p3,1806.047152905995,14
ag_node40,p3,1806.047152905995,15
ag_node42,p2,219.99969717000002,3
ag_node42,p2,1107.55784823,4
ag_node42,p2,170.34969717,5
ag_node42,p2,219.99969717000002,6
ag_node42,p2,269.64969717,7
ag_node42,p2,170.34969717,8
ag_node42,p2,1401.085160536023,9
ag_node42,p2,807.4237996255048,10
ag_node42,p2,1298.8615192285224,11
ag_node42,p2,1401.085160536023,12
ag_node42,p2,1264.1853177014593,13
ag_node42,p2,1298.861519239544,14
ag_node42,p2,709.3660930480218,15
ag_node42,p3,1727.8695307516177,3
ag_node42,p3,519.9239409042639,4
ag_node42,p3,1795.4420030051756,5
ag_node42,p3,1727.8695307516177,6
ag_node42,p3,1660.2970584980596,7
ag_node42,p3,1795.4420030051756,8
ag_node42,p3,120.44023161,9
ag_node42,p3,928.3992615825174,10
ag_node42,p3,259.564182585,11
ag_node42,p3,120.44023161,12
ag_node42,p3,306.75767031,13
ag_node42,p3,259.56418256999996,14
ag_node42,p3,1061.8534742099998,15
ag_node43,p2,37.58717979133626,3
ag_node43,p2,37.58717979133626,4
ag_node43,p2,37.58717979133626,5
ag_node43,p2,37.58717979133626,6
ag_node43,p2,37.58717979133626,7
ag_node43,p2,37.58717979133626,8
ag_node43,p3,2.3567606110100803,1
ag_node43,p3,11.798371934999999,2
ag_node43,p8,14.230904816694682,1
ag_node43,p8,11.296894482270522,2
ag_node44,p1,1090.9558155654458,5
ag_node44,p1,809.0584979100568,8
ag_node44,p1,1090.9558155654458,9
ag_node44,p1,739.9900989151341,10
ag_node44,p1,1090.9558155654458,11
ag_node44,p1,917.3239708184702,14
ag_node44,p1,198.29196531,15
ag_node44,p2,1329.4821988724661,3
ag_node44,p2,1273.6983356045287,4
ag_node44,p2,769.9622376409937,5
ag_node44,p2,1329.4821988724661,6
ag_node44,p2,1277.4678965653393,7
ag_node44,p2,810.5106855483851,8
ag_node44,p2,769.9622376409937,9
ag_node44,p2,51.725158217359485,10
ag_node44,p2,769.9622376409937,11
ag_node44,p2,863.434050256159,13
ag_node44,p2,146.66646477,14
ag_node44,p2,146.66646477,15
ag_node44,p3,75.92051465999975,4
ag_node44,p3,70.79023160999998,7
ag_node44,p3,141.58046321999996,8
ag_node44,p3,1222.4797040594653,10
ag_node44,p3,1809.3937360505345,12
ag_node44,p3,634.28047515,13
ag_node44,p3,516.2967558,14
ag_node44,p3,752.2641945,15
ag_node44,p5,358.92507838776504,14
ag_node44,p5,569.5336845552999,15
ag_node45,p1,99.14598264,12
ag_node45,p1,99.14598264,13
ag_node45,p1,99.14598264,14
ag_node45,p1,1818.6819232295904,15
ag_node45,p2,73.33323240000001,3
ag_node45,p2,73.33323240000001,12
ag_node45,p2,73.33323240000001,13
ag_node45,p2,73.33323240000001,14
ag_node45,p2,73.33323240000001,15
ag_node45,p3,23.596743869999997,3
ag_node45,p3,23.596743869999997,12
ag_node45,p3,23.596743869999997,13
ag_node45,p3,23.596743869999997,14
ag_node45,p3,23.596743869999997,15
ag_node45,p8,75.43658849813289,3
ag_node45,p8,94.83954922544511,4
ag_node45,p8,160.7483178973509,5
ag_node45,p8,94.83954922544511,6
ag_node45,p8,101.29690707053884,7
ag_node45,p8,75.87122775845562,8
ag_node45,p8,37.10028651190042,9
ag_node45,p8,55.94100106357479,10
ag_node45,p8,43.16296346147452,11
ag_node45,p8,112.933177896,12
ag_node45,p8,112.933177896,13
ag_node45,p8,112.933177896,14
ag_node45,p8,112.933177896,15
ag_node46,p1,24.786495662999997,4
ag_node46,p1,24.786495662999997,5
ag_node46,p1,24.786495662999997,6
ag_node46,p1,24.786495662999997,7
ag_node46,p1,24.786495662999997,8
ag_node46,p1,24.786495662999997,9
ag_node46,p1,74.359486983,10
ag_node46,p1,74.359486983,11
ag_node46,p2,115.08484252221815,10
ag_node46,p2,115.08484252221815,11
ag_node46,p3,278.53792436932326,4
ag_node46,p3,278.53792436932326,5
ag_node46,p3,278.53792436932326,6
ag_node46,p3,278.53792436932326,7
ag_node46,p3,278.53792436932326,8
ag_node46,p3,278.53792436932326,9
ag_node46,p3,87.30795233399999,10
ag_node46,p3,87.30795233399999,11
ag_node47,p1,247.86495663,1
ag_node47,p1,247.86495663,2
ag_node47,p1,247.86495663,3
ag_node47,p1,247.86495663,4
ag_node47,p1,247.86495663,5
ag_node47,p1,247.86495663,6
ag_node47,p1,247.86495663,7
ag_node47,p1,247.86495663,8
ag_node47,p2,5.878515840489951,3
ag_node47,p2,5.878515840489951,4
ag_node47,p2,5.878515840489951,5
ag_node47,p2,5.878515840489951,6
ag_node47,p2,5.878515840489951,7
ag_node47,p2,5.878515840489951,8
ag_node47,p3,8.000520614775601,1
ag_node47,p3,8.000520614775601,2
ag_node48,p1,247.86495663,9
ag_node48,p1,247.86495663,10
ag_node48,p1,247.86495663,11
ag_node48,p1,322.22444361299995,12
ag_node48,p1,322.22444361299995,13
ag_node48,p1,322.22444361299995,14
ag_node48,p1,322.22444361299995,15
ag_node48,p2,1546.0528980609686,3
ag_node48,p2,1592.101948113695,4
ag_node48,p2,1592.101948113695,6
ag_node48,p2,1425.4083692620518,9
ag_node48,p2,1172.9013911600664,10
ag_node48,p2,1425.4083692620518,11
ag_node48,p2,1030.9534012920722,12
ag_node48,p2,1307.2477015381787,13
ag_node48,p2,883.5964411608153,14
ag_node48,p2,1205.630388271136,15
ag_node48,p3,70.79023162499999,3
ag_node48,p3,11.798371934999999,4
ag_node48,p3,2051.3856083222418,5
ag_node48,p3,11.798371934999999,6
ag_node48,p3,2051.3856083222418,7
ag_node48,p3,2051.3856083222418,8
ag_node48,p3,11.798371934999999,9
ag_node48,p3,335.27640689733425,10
ag_node48,p3,11.798371934999999,11
ag_node48,p3,453.057482319,12
ag_node48,p3,99.10632426899998,13
ag_node48,p3,641.8314332789998,14
ag_node48,p3,229.28478135899996,15
ag_node49,p1,99.14598264,3
ag_node49,p1,99.14598264,4
ag_node49,p1,99.14598264,5
ag_node49,p1,99.14598264,6
ag_node49,p1,99.14598264,7
ag_node49,p1,99.14598264,8
ag_node49,p1,99.14598264,9
ag_node49,p1,99.14598264,10
ag_node49,p1,99.14598264,11
ag_node49,p1,99.14598264,12
ag_node49,p1,99.14598264,13
ag_node49,p1,99.14598264,14
ag_node49,p1,99.14598264,15
ag_node49,p2,651.0368988717019,4
ag_node49,p2,1129.7173968982463,5
ag_node49,p2,1129.7173968982463,6
ag_node49,p2,1129.7173968982463,7
ag_node49,p2,1129.7173968982463,9
ag_node49,p2,683.1231811818466,10
ag_node49,p2,329.99954574,11
ag_node49,p2,219.99969717,12
ag_node49,p2,219.99969717,13
ag_node49,p2,219.99969717,14
ag_node49,p2,219.99969717,15
ag_node49,p3,1537.5185791796284,3
ag_node49,p3,651.4728030456799,4
ag_node49,p3,1537.5185791796284,8
ag_node49,p3,141.58046321999998,10
ag_node49,p3,781.309748551925,11
ag_node49,p3,141.58046321999998,13
ag_node49,p3,1132.6437062100001,14
ag_node49,p3,424.74138981,15
ag_node49,p5,369.24768413576857,10
ag_node49,p5,243.21215953295635,11
ag_node49,p5,980.5746489299864,12
ag_node49,p5,868.4433663587338,13
ag_node49,p5,83.52438800356654,14
ag_node49,p5,644.1808010974288,15
ag_node50,p1,86.29865984669327,3
ag_node50,p1,985.9123005606598,4
ag_node50,p1,753.7282508025386,5
ag_node50,p1,812.49788655726,6
ag_node50,p1,862.5125451754984,7
ag_node50,p1,985.9123005606598,8
ag_node50,p1,985.9123005606598,9
ag_node50,p1,952.0399667482956,10
ag_node50,p1,429.2915821657325,11
ag_node50,p1,358.9704855391966,12
ag_node50,p1,607.2959000891871,13
ag_node50,p1,84.27408525300001,14
ag_node50,p1,331.1457371756178,15
ag_node50,p2,1010.8421538098895,3
ag_node50,p2,794.8849468480246,4
ag_node50,p2,850.6220062005974,5
ag_node50,p2,439.9993944,6
ag_node50,p2,542.3523611717518,7
ag_node50,p2,794.8849468480246,8
ag_node50,p2,794.8849468480246,9
ag_node50,p2,725.5665919304861,10
ag_node50,p2,727.1358672636702,11
ag_node50,p2,863.6077733493785,12
ag_node50,p2,803.9958905178755,13
ag_node50,p2,869.2525053221993,14
ag_node50,p2,806.6655563400001,15
ag_node50,p3,23.596743869999997,3
ag_node50,p3,23.596743869999997,4
ag_node50,p3,23.596743869999997,5
ag_node50,p3,627.6318146850381,6
ag_node50,p3,453.421337234962,7
ag_node50,p3,23.596743869999997,8
ag_node50,p3,23.596743869999997,9
ag_node50,p3,141.58046322,10
ag_node50,p3,330.35441418,11
ag_node50,p3,141.58046322,12
ag_node50,p3,141.58046322,13
ag_node50,p3,233.43557415857472,14
ag_node50,p3,238.49930324142528,15
ag_node50,p8,154.87850453600842,3
ag_node50,p8,39.97306930018594,5
ag_node50,p8,80.66655564,11
ag_node50,p8,120.99983345339999,12
ag_node50,p8,78.24784848653846,13
ag_node50,p8,163.75181842026154,14
ag_node50,p8,120.99983345339999,15
ag_node50,p9,22.000000000000018,3
ag_node50,p9,22.000000000000018,4
ag_node50,p9,22.000000000000018,5
ag_node50,p9,22.000000000000018,6
ag_node50,p9,22.000000000000018,7
ag_node50,p9,22.000000000000018,8
ag_node50,p9,22.000000000000018,9
ag_node50,p9,22.000000000000018,10
ag_node50,p9,22.000000000000018,11
ag_node51,p1,74.359486983,1
ag_node51,p1,74.359486983,2
ag_node51,p1,74.359486983,3
ag_node51,p1,49.57299132,4
ag_node51,p1,49.57299132,5
ag_node51,p1,49.57299132,6
ag_node51,p1,49.57299132,7
ag_node51,p1,49.57299132,8
ag_node51,p1,49.57299132,9
ag_node51,p2,83.04188019919884,1
ag_node51,p2,83.04188019919884,2
ag_node51,p2,91.71093058371996,3
ag_node51,p2,102.66652535400002,4
ag_node51,p2,102.66652535400002,5
ag_node51,p2,102.66652535400002,6
ag_node51,p2,102.66652535400002,7
ag_node51,p2,102.66652535400002,8
ag_node51,p2,102.66652535400002,9
ag_node51,p3,44.833813353,1
ag_node51,p3,44.833813353,2
ag_node51,p3,33.035441418,3
ag_node51,p3,33.035441418,4
ag_node51,p3,33.035441418,5
ag_node51,p3,33.035441418,6
ag_node51,p3,33.035441418,7
ag_node51,p3,33.035441418,8
ag_node51,p3,33.035441418,9
ag_node51,p5,1.893514841624675,4
ag_node51,p5,1.893514841624675,5
ag_node51,p5,1.893514841624675,6
ag_node51,p5,1.893514841624675,7
ag_node51,p5,1.893514841624675,8
ag_node51,p5,1.893514841624675,9
ag_node52,p2,258.1876375177403,1
ag_node52,p2,258.1876375177403,2
ag_node52,p2,261.1414262617307,3
ag_node52,p2,275.52573828678254,4
ag_node52,p2,146.66646477,5
ag_node52,p2,275.52573828678254,6
ag_node52,p2,275.52573828678254,7
ag_node52,p2,275.52573828678254,8
ag_node52,p2,146.66646477,9
ag_node52,p3,188.77395095999998,1
ag_node52,p3,188.77395095999998,2
ag_node52,p3,184.75391454617994,3
ag_node52,p3,165.17720709,4
ag_node52,p3,340.55162167864916,5
ag_node52,p3,165.17720709,6
ag_node52,p3,165.17720709,7
ag_node52,p3,165.17720709,8
ag_node52,p3,340.55162167864916,9
ag_node53,p2,73.33323240000001,4
ag_node53,p2,395.3482371614516,5
ag_node53,p2,395.3482371614516,6
ag_node53,p2,362.3225458582365,7
ag_node53,p2,73.33323240000001,8
ag_node53,p2,89.70655759440234,9
ag_node53,p2,395.3482371614516,10
ag_node53,p2,395.3482371614516,11
ag_node53,p3,436.1191293961131,4
ag_node53,p3,23.596743869999997,5
ag_node53,p3,23.596743869999997,6
ag_node53,p3,65.90482504200581,7
ag_node53,p3,436.1191293961131,8
ag_node53,p3,415.14382368576815,9
ag_node53,p3,23.596743869999997,10
ag_node53,p3,23.596743869999997,11
ag_node54,p1,69.40218786000001,1
ag_node54,p1,69.40218786000001,2
ag_node54,p1,69.40218786000001,3
ag_node54,p1,69.40218786000001,4
ag_node54,p1,69.40218786000001,5
ag_node54,p1,69.40218786000001,6
ag_node54,p1,69.40218786000001,7
ag_node54,p1,69.40218786000001,8
ag_node54,p1,69.40218786000001,9
ag_node54,p2,1072.007121161963,1
ag_node54,p2,1072.007121161963,2
ag_node54,p2,1118.142907639621,3
ag_node54,p2,633.3427472105226,4
ag_node54,p2,287.45441372951007,5
ag_node54,p2,287.45441372951007,6
ag_node54,p2,287.45441372951007,7
ag_node54,p2,287.45441372951007,8
ag_node54,p2,293.33292957000003,9
ag_node54,p3,86.38645488022439,1
ag_node54,p3,86.38645488022439,2
ag_node54,p3,23.596743869999997,3
ag_node54,p3,23.596743869999997,4
ag_node54,p3,23.596743869999997,5
ag_node54,p3,23.596743869999997,6
ag_node54,p3,23.596743869999997,7
ag_node54,p3,23.596743869999997,8
ag_node54,p3,23.596743869999997,9
ag_node54,p5,522.5607320336541,4
ag_node54,p5,895.3899418791256,5
ag_node54,p5,895.3899418791256,6
ag_node54,p5,895.3899418791256,7
ag_node54,p5,895.3899418791256,8
ag_node54,p5,889.0535546589587,9
ag_node55,p1,49.57299132,3
ag_node55,p1,49.57299132,4
ag_node55,p1,49.57299132,5
ag_node55,p1,49.57299132,6
ag_node55,p1,49.57299132,7
ag_node55,p1,49.57299132,8
ag_node55,p1,49.57299132,9
ag_node55,p1,49.57299132,10
ag_node55,p1,49.57299132,11
ag_node55,p1,49.57299132,12
ag_node55,p1,49.57299132,13
ag_node55,p1,49.57299132,14
ag_node55,p1,49.57299132,15
ag_node55,p2,734.2557586473224,3
ag_node55,p2,228.4513429185775,4
ag_node55,p2,223.28960302408413,6
ag_node55,p2,427.33440785001596,7
ag_node55,p2,480.4798145346788,9
ag_node55,p2,556.4739084798588,10
ag_node55,p2,556.4739084798588,11
ag_node55,p2,480.73167274600837,12
ag_node55,p2,300.49502333752145,13
ag_node55,p2,437.5932496620741,14
ag_node55,p2,329.99954574000003,15
ag_node55,p3,23.596743869999997,3
ag_node55,p3,23.596743869999997,12
ag_node55,p3,199.71329464221094,13
ag_node55,p3,23.596743869999997,14
ag_node55,p3,343.01181445778917,15
ag_node55,p8,683.1161400386582,3
ag_node55,p8,891.8072083843596,4
ag_node55,p8,982.7525896866877,5
ag_node55,p8,893.8620722205308,6
ag_node55,p8,812.6328163948499,7
ag_node55,p8,982.7525896866877,8
ag_node55,p8,791.4758854980741,9
ag_node55,p8,778.3962008867003,10
ag_node55,p8,778.3962008867003,11
ag_node55,p8,784.0428597815003,12
ag_node55,p8,784.0428597815003,13
ag_node55,p8,784.0428597815003,14
ag_node55,p8,744.7893597815003,15
ag_node55,p9,44.000000000000036,3
ag_node55,p9,44.000000000000036,4
ag_node55,p9,44.000000000000036,5
ag_node55,p9,44.000000000000036,6
ag_node55,p9,44.000000000000036,7
ag_node55,p9,44.000000000000036,8
ag_node55,p9,44.000000000000036,9
ag_node55,p9,22.000000000000018,10
ag_node55,p9,22.000000000000018,11
ag_node55,p9,44.000000000000036,12
ag_node55,p9,65.8070384224,13
ag_node55,p9,66.00000000000006,14
ag_node55,p9,44.000000000000036,15
ag_node56,p1,509.55113284199956,3
ag_node56,p1,1598.2419653100003,7
ag_node56,p1,396.58393062,9
ag_node56,p1,118.73336326039579,10
ag_node56,p1,277.8505673596042,11
ag_node56,p1,594.87589593,14
ag_node56,p1,198.29196531,15
ag_node56,p2,1969.4388239389457,3
ag_node56,p2,2230.772991670971,4
ag_node56,p2,2230.772991670971,5
ag_node56,p2,1696.500521677743,6
ag_node56,p2,1411.080507603436,7
ag_node56,p2,2230.772991670971,8
ag_node56,p2,2027.3764633060548,9
ag_node56,p2,2117.8637513099998,10
ag_node56,p2,2036.2570990527724,11
ag_node56,p2,2178.758689363844,12
ag_node56,p2,2196.0967901328863,13
ag_node56,p2,1856.325796047428,14
ag_node56,p2,2077.060425181386,15
ag_node56,p3,727.1321581965215,6
ag_node56,p3,70.79023160999999,10
ag_node56,p3,70.79023160999999,11
ag_node56,p3,70.79023160999999,12
ag_node56,p3,47.193487739999995,13
ag_node56,p3,94.38697547999999,14
ag_node56,p3,70.79023160999999,15
ag_node57,p1,49.57299132,3
ag_node57,p1,49.57299132,4
ag_node57,p1,49.57299132,5
ag_node57,p1,49.57299132,6
ag_node57,p1,49.57299132,7
ag_node57,p1,49.57299132,8
ag_node57,p1,49.57299132,9
ag_node57,p1,49.57299132,10
ag_node57,p1,49.57299132,11
ag_node57,p1,49.57299132,12
ag_node57,p1,49.57299132,13
ag_node57,p1,49.57299132,14
ag_node57,p1,49.57299132,15
ag_node57,p2,1209.2085431614523,3
ag_node57,p2,109.99984860000002,4
ag_node57,p2,109.99984860000002,5
ag_node57,p2,1722.4068592120145,6
ag_node57,p2,329.99954577,7
ag_node57,p2,329.99954577,8
ag_node57,p2,109.99984860000002,9
ag_node57,p2,623.3324753400001,10
ag_node57,p2,183.33308100000005,11
ag_node57,p2,582.7670375885585,12
ag_node57,p2,663.8979130614416,13
ag_node57,p2,463.30804543104574,14
ag_node57,p2,563.3572080489542,15
ag_node57,p3,733.8458503850467,3
ag_node57,p3,587.9645768535787,4
ag_node57,p3,414.38468339823135,5
ag_node57,p3,35.395115804999996,6
ag_node57,p3,1930.428440139578,7
ag_node57,p3,1930.428440139578,8
ag_node57,p3,363.578897867326,9
ag_node57,p3,35.395115804999996,10
ag_node57,p3,2130.0380196199058,11
ag_node57,p3,533.0973691926738,12
ag_node57,p3,281.0997089576033,13
ag_node57,p3,35.395115804999996,14
ag_node57,p3,903.9251867798872,15
ag_node57,p5,1300.3624077213506,4
ag_node57,p5,1437.8371386203803,5
ag_node57,p5,1478.0751613253071,9
ag_node57,p5,1184.6801248730053,10
ag_node57,p5,834.2265388301184,12
ag_node57,p5,946.3578214013709,13
ag_node57,p5,1357.1686883307334,14
ag_node57,p5,561.4537116377327,15
ag_node58,p1,148.71897396,1
ag_node58,p1,148.71897396,2
ag_node58,p2,880.4058187913829,1
ag_node58,p2,530.7819598669143,2
ag_node58,p3,385.22485354500003,1
ag_node58,p3,852.0925422449999,2
ag_node58,p3,200.57232289499999,3
ag_node58,p3,35.395115804999996,4
ag_node58,p3,271.362554505,5
ag_node58,p3,35.395115804999996,6
ag_node58,p3,35.395115804999996,7
ag_node58,p3,35.395115804999996,8
ag_node58,p3,790.490919645,9
ag_node58,p5,75.66940315078422,1
ag_node58,p5,82.76735020921556,2
ag_node58,p5,1253.1079003367954,3
ag_node58,p5,1383.927730003257,4
ag_node58,p5,1197.0422590511694,5
ag_node58,p5,1383.927730003257,6
ag_node58,p5,1383.927730003257,7
ag_node58,p5,1383.927730003257,8
ag_node58,p5,785.8942229565763,9
ag_node59,p1,49.57299132,10
ag_node59,p1,371.569220632241,11
ag_node59,p2,1083.1124234881672,4
ag_node59,p2,1083.1124234881672,5
ag_node59,p2,1083.1124234881672,6
ag_node59,p2,1083.1124234881672,7
ag_node59,p2,1083.1124234881672,8
ag_node59,p2,1083.1124234881672,9
ag_node59,p2,1049.0188070618783,10
ag_node59,p2,883.8761723456537,11
ag_node59,p3,11.798371934999999,10
ag_node59,p3,11.798371934999999,11
ag_node60,p2,167.35201075285278,1
ag_node60,p2,167.35201075285278,2
ag_node60,p2,67.42033043400401,3
ag_node60,p2,67.42033043400401,4
ag_node60,p2,67.42033043400401,5
ag_node60,p2,67.42033043400401,6
ag_node60,p2,67.42033043400401,7
ag_node60,p2,67.42033043400401,8
ag_node60,p2,67.42033043400401,9
ag_node60,p3,58.99185969,1
ag_node60,p3,58.99185969,2
ag_node60,p3,58.99185969,3
ag_node60,p3,58.99185969,4
ag_node60,p3,58.99185969,5
ag_node60,p3,58.99185969,6
ag_node60,p3,58.99185969,7
ag_node60,p3,58.99185969,8
ag_node60,p3,58.99185969,9
ag_node61,p1,69.40218786000001,10
ag_node61,p1,69.40218786000001,11
ag_node61,p1,69.40218786000001,12
ag_node61,p1,69.40218786000001,13
ag_node61,p1,69.40218786000001,14
ag_node61,p1,69.40218786000001,15
ag_node61,p2,36.66661620000001,3
ag_node61,p2,36.66661620000001,4
ag_node61,p2,36.66661620000001,5
ag_node61,p2,36.66661620000001,6
ag_node61,p2,36.66661620000001,7
ag_node61,p2,36.66661620000001,8
ag_node61,p2,36.66661620000001,9
ag_node61,p2,119.04328329866856,10
ag_node61,p2,130.28970685533147,11
ag_node61,p2,51.33326267700001,12
ag_node61,p2,51.33326267700001,13
ag_node61,p2,271.33295987700006,14
ag_node61,p2,124.66649507700002,15
ag_node61,p3,1588.6071707675567,3
ag_node61,p3,1588.6071707675567,4
ag_node61,p3,1588.6071707675567,5
ag_node61,p3,1086.5154369269562,6
ag_node61,p3,622.4229905281303,7
ag_node61,p3,622.4229905281303,8
ag_node61,p3,1588.6071707675567,9
ag_node61,p3,40.114464579,10
ag_node61,p3,419.64907806578714,11
ag_node61,p3,830.1626869966296,12
ag_node61,p3,1190.4791161761002,13
ag_node61,p3,188.01218623034714,14
ag_node61,p3,736.2179964676924,15
ag_node61,p5,482.006185819366,6
ag_node61,p5,927.533197875879,7
ag_node61,p5,927.533197875879,8
ag_node61,p5,1327.8380830862416,10
ag_node61,p5,949.6552167076377,11
ag_node61,p5,652.6657683066,12
ag_node61,p5,306.763344483811,13
ag_node61,p5,998.5681921293889,14
ag_node61,p5,652.6657683066,15
ag_node62,p8,69.77021443452547,4
ag_node62,p8,69.77021443452547,5
ag_node62,p8,69.77021443452547,6
ag_node62,p8,69.77021443452547,7
ag_node62,p8,69.77021443452547,8
ag_node62,p8,69.77021443452547,9
ag_node62,p8,69.77021443452547,10
ag_node62,p8,69.77021443452547,11
ag_node63,p1,347.01093926999977,3
ag_node63,p1,148.71897396,4
ag_node63,p1,148.71897396,5
ag_node63,p1,148.71897396,6
ag_node63,p1,148.71897396,7
ag_node63,p1,148.71897396,8
ag_node63,p1,148.71897396,9
ag_node63,p1,148.71897396,10
ag_node63,p1,148.71897396,11
ag_node63,p1,148.71897396,12
ag_node63,p1,763.2981704910001,13
ag_node63,p1,168.548170491,14
ag_node63,p1,168.548170491,15
ag_node63,p2,552.2212304399992,3
ag_node63,p2,36.66661620000001,4
ag_node63,p2,1232.778214789609,5
ag_node63,p2,36.66661620000001,6
ag_node63,p2,1028.7975654231627,7
ag_node63,p2,1250.1163155586512,8
ag_node63,p2,1250.1163155586512,9
ag_node63,p2,109.99984860000002,10
ag_node63,p2,1228.443689602859,11
ag_node63,p2,1228.443689602859,12
ag_node63,p2,913.2436390504303,13
ag_node63,p2,747.0901967137797,14
ag_node63,p2,649.1714835129125,15
ag_node63,p3,870.4015905988765,3
ag_node63,p3,1710.4681162913298,4
ag_node63,p3,82.58860354499998,5
ag_node63,p3,1710.4681162913298,6
ag_node63,p3,360.2014287127124,7
ag_node63,p3,58.99185967499999,8
ag_node63,p3,58.99185967499999,9
ag_node63,p3,1610.6633265307514,10
ag_node63,p3,88.487789505,11
ag_node63,p3,88.487789505,12
ag_node63,p3,88.487789505,13
ag_node63,p3,729.7575826355164,14
ag_node63,p3,863.0226285744834,15
ag_node64,p1,78.74249032159464,1
ag_node64,p1,78.74249032159464,2
ag_node64,p1,78.74249032159464,3
ag_node64,p1,78.74249032159464,4
ag_node64,p1,78.74249032159464,5
ag_node64,p1,78.74249032159464,6
ag_node64,p1,78.74249032159464,7
ag_node64,p1,78.74249032159464,8
ag_node65,p1,1382.185596420468,1
ag_node65,p1,1382.185596420468,2
ag_node65,p2,22.90871479014156,6
ag_node65,p2,643.8654886977682,7
ag_node65,p2,643.8654886977682,8
ag_node65,p2,109.99984857,9
ag_node65,p3,964.773446505071,3
ag_node65,p3,964.773446505071,4
ag_node65,p3,964.773446505071,5
ag_node65,p3,933.5952290927545,6
ag_node65,p3,88.487789505,7
ag_node65,p3,88.487789505,8
ag_node65,p3,815.0662619050325,9
ag_node66,p1,760.5270752148926,3
ag_node66,p1,760.5270752148926,4
ag_node66,p1,760.5270752148926,5
ag_node66,p1,760.5270752148926,6
ag_node66,p1,760.5270752148926,7
ag_node66,p1,760.5270752148926,8
ag_node66,p1,760.5270752148926,9
ag_node66,p1,760.5270752148926,10
ag_node66,p1,760.5270752148926,11
ag_node66,p1,757.1398418336556,12
ag_node66,p1,757.1398418336556,13
ag_node66,p1,757.1398418336556,14
ag_node66,p1,757.1398418336556,15
ag_node66,p2,536.7560455107389,3
ag_node66,p2,536.7560455107389,4
ag_node66,p2,536.7560455107389,5
ag_node66,p2,536.7560455107389,6
ag_node66,p2,536.7560455107389,7
ag_node66,p2,536.7560455107389,8
ag_node66,p2,536.7560455107389,9
ag_node66,p2,536.7560455107389,10
ag_node66,p2,536.7560455107389,11
ag_node66,p2,529.8242100189854,12
ag_node66,p2,529.8242100189854,13
ag_node66,p2,529.8242100189854,14
ag_node66,p2,529.8242100189854,15
ag_node66,p3,11.798371934999999,12
ag_node66,p3,11.798371934999999,13
ag_node66,p3,11.798371934999999,14
ag_node66,p3,11.798371934999999,15
ag_node67,p3,678.9775787042414,8
ag_node67,p3,1455.435510262851,9
ag_node67,p5,1152.7003567711524,4
ag_node67,p5,1152.7003567711524,5
ag_node67,p5,1152.7003567711524,6
ag_node67,p5,1152.7003567711524,7
ag_node67,p5,614.9522451625215,8
ag_node67,p5,1152.7003567711524,10
ag_node67,p5,1152.7003567711524,11
ag_node68,p1,1242.7416458400003,3
ag_node68,p1,99.14598264,4
ag_node68,p1,297.43794792,5
ag_node68,p1,99.14598264,6
ag_node68,p1,99.14598264,7
ag_node68,p1,396.58393056,8
ag_node68,p1,186.9616299199547,9
ag_node68,p1,99.14598264,10
ag_node68,p1,99.14598264,11
ag_node68,p1,99.14598264,12
ag_node68,p1,123.96354437686428,13
ag_node68,p1,99.14598264,14
ag_node68,p1,680.534652103181,15
ag_node68,p2,362.38523429999964,3
ag_node68,p2,384.9994700999998,4
ag_node68,p2,1217.771839765637,5
ag_node68,p2,1912.0449071565731,6
ag_node68,p2,54.999924299999996,7
ag_node68,p2,1520.9294747661438,8
ag_node68,p2,1639.0185610527185,9
ag_node68,p2,1764.6710506197144,10
ag_node68,p2,384.99947004,11
ag_node68,p2,1574.6168436711475,12
ag_node68,p2,1175.3793710588525,13
ag_node68,p2,1016.1996084165006,14
ag_node68,p2,990.3606002135883,15
ag_node68,p3,1375.70479156153,3
ag_node68,p3,2143.1636624703387,4
ag_node68,p3,871.3712963791902,5
ag_node68,p3,64.891045644,6
ag_node68,p3,2592.2852163929415,7
ag_node68,p3,389.57648376371657,8
ag_node68,p3,375.17760250784704,9
ag_node68,p3,265.46336853900004,10
ag_node68,p3,1319.087457470436,11
ag_node68,p3,112.084533384,12
ag_node68,p3,638.114463364076,13
ag_node68,p3,872.0771443639238,14
ag_node68,p3,501.430807254,15
ag_node68,p5,652.66576836,11
ag_node68,p5,326.33288418,12
ag_node68,p5,326.33288418,13
ag_node68,p5,326.33288418,14
ag_node68,p5,326.33288418,15
ag_node69,p1,99.14598264,1
ag_node69,p1,99.14598264,2
ag_node69,p1,3028.7212483537,3
ag_node69,p1,372.0918533293847,4
ag_node69,p1,99.14598264,5
ag_node69,p1,99.14598264,6
ag_node69,p1,99.14598264,7
ag_node69,p1,99.14598264,8
ag_node69,p1,2084.229034026915,9
ag_node69,p2,1219.0534366501402,1
ag_node69,p2,1161.5967278089163,2
ag_node69,p2,51.33326268,3
ag_node69,p2,51.33326268,4
ag_node69,p2,51.33326268,5
ag_node69,p2,51.33326268,6
ag_node69,p2,661.0607575682837,7
ag_node69,p2,51.33326268,8
ag_node69,p2,51.33326268,9
ag_node69,p3,134.501440059,1
ag_node69,p3,134.501440059,2
ag_node69,p3,16.517720709000002,3
ag_node69,p3,16.517720709000002,4
ag_node69,p3,16.517720709000002,5
ag_node69,p3,16.517720709000002,6
ag_node69,p3,16.517720709000002,7
ag_node69,p3,16.517720709000002,8
ag_node69,p3,16.517720709000002,9
ag_node69,p5,326.33288418,1
ag_node69,p5,388.264835286905,2
ag_node69,p5,1468.6334426480707,4
ag_node69,p5,1619.5229248159278,5
ag_node69,p5,1619.5229248159278,6
ag_node69,p5,962.3044004081465,7
ag_node69,p5,1619.5229248159278,8
ag_node69,p5,522.1326146880001,9
ag_node69,p6,80.19600461414197,3
ag_node69,p6,80.19600461414197,4
ag_node69,p6,80.19600461414197,5
ag_node69,p6,80.19600461414197,6
ag_node69,p6,80.19600461414197,7
ag_node69,p6,80.19600461414197,8
ag_node69,p6,80.19600461414197,9
ag_node70,p1,190.09425396136228,1
ag_node70,p1,190.09425396136228,2
ag_node70,p1,190.09425396136228,3
ag_node70,p1,190.09425396136228,4
ag_node70,p1,190.09425396136228,5
ag_node70,p1,190.09425396136228,6
ag_node70,p1,190.09425396136228,7
ag_node70,p1,190.09425396136228,8
ag_node70,p1,190.09425396136228,9
ag_node71,p3,90.73662714535571,1
ag_node71,p3,90.73662714535571,2
ag_node71,p6,97.80399538585817,3
ag_node71,p6,97.80399538585817,4
ag_node71,p6,97.80399538585817,5
ag_node71,p6,97.80399538585817,6
ag_node71,p6,97.80399538585817,7
ag_node71,p6,97.80399538585817,8
ag_node71,p6,97.80399538585817,9
ag_node71,p6,176.4387654175997,13
ag_node71,p6,178.00000000000014,14
ag_node72,p2,1130.8657027693093,3
ag_node72,p2,1130.865702769309,4
ag_node72,p2,202.2830253271083,5
ag_node72,p2,1130.865702769309,6
ag_node72,p2,1130.865702769309,7
ag_node72,p2,1130.8657027693093,8
ag_node72,p2,1130.865702769309,9
ag_node72,p2,1130.865702769309,10
ag_node72,p2,109.99984857,11
ag_node72,p2,1036.4661397895547,12
ag_node72,p2,395.80116372742305,13
ag_node72,p2,109.99984857,14
ag_node72,p2,808.7358251528799,15
ag_node72,p3,153.37883517,3
ag_node72,p3,153.37883517,4
ag_node72,p3,1417.1578322817368,5
ag_node72,p3,153.37883517,6
ag_node72,p3,153.37883517,7
ag_node72,p3,153.37883517,8
ag_node72,p3,153.37883517,9
ag_node72,p3,153.37883517,10
ag_node72,p3,1542.7530468011707,11
ag_node72,p3,224.16906678,12
ag_node72,p3,224.16906677999998,13
ag_node72,p3,224.16906678,14
ag_node72,p3,224.16906678,15
ag_node72,p5,326.33288418,3
ag_node72,p5,326.33288418,4
ag_node72,p5,326.33288418,5
ag_node72,p5,326.33288418,6
ag_node72,p5,326.33288418,7
ag_node72,p5,326.33288418,8
ag_node72,p5,326.33288418,9
ag_node72,p5,326.33288418,10
ag_node72,p5,326.33288418,11
ag_node72,p5,372.0194879652,12
ag_node72,p5,1062.5851812253472,13
ag_node72,p5,1370.6472584586863,14
ag_node72,p5,617.4874758830778,15
ag_node73,p1,2076.1168767,3
ag_node73,p1,2076.1168767,4
ag_node73,p1,2076.1168767,5
ag_node73,p1,2076.1168767,6
ag_node73,p1,2076.1168767,7
ag_node73,p1,2076.1168767,8
ag_node73,p1,2076.1168767,9
ag_node73,p1,2076.1168767,10
ag_node73,p1,2076.1168767,11
ag_node73,p1,2076.1168767,12
ag_node73,p1,2076.1168767,13
ag_node73,p1,2076.1168767,14
ag_node73,p1,2076.1168767,15
ag_node73,p2,1046.867601954233,3
ag_node73,p2,1046.867601954233,4
ag_node73,p2,99.50813426294978,5
ag_node73,p2,1046.867601954233,6
ag_node73,p2,1046.867601954233,7
ag_node73,p2,1046.867601954233,8
ag_node73,p2,1046.867601954233,9
ag_node73,p2,348.33285381,10
ag_node73,p2,420.57781758667403,11
ag_node73,p2,755.6576472688905,12
ag_node73,p2,599.6147403695534,13
ag_node73,p2,690.6397694015143,14
ag_node73,p2,690.6397694015143,15
ag_node73,p3,1289.3337632369532,5
ag_node73,p3,950.6892222985362,10
ag_node73,p3,852.3655403195107,11
ag_node73,p3,129.782091315,12
ag_node73,p3,247.765810635,13
ag_node73,p3,171.07639306500002,14
ag_node73,p3,171.07639306500002,15
ag_node73,p5,211.10498092464388,12
ag_node73,p5,285.8591693054789,13
ag_node73,p5,248.48207511506132,14
ag_node73,p5,248.48207511506132,15
ag_node74,p1,292.211417740977,10
ag_node74,p1,302.66447815902296,11
ag_node74,p1,99.14598264,12
ag_node74,p1,495.72991326,13
ag_node74,p1,297.43794794999997,14
ag_node74,p1,297.43794794999997,15
ag_node74,p2,51.33326268,10
ag_node74,p2,51.33326268,11
ag_node74,p3,1380.4883274126596,3
ag_node74,p3,1788.9334005397143,4
ag_node74,p3,624.13387542,5
ag_node74,p3,1928.79203489569,6
ag_node74,p3,1874.369015181361,7
ag_node74,p3,779.326885096001,8
ag_node74,p3,886.1829936938616,9
ag_node74,p3,888.4174067789999,10
ag_node74,p3,888.4174067789999,11
ag_node74,p3,440.65159612899987,12
ag_node74,p3,449.67538138893553,13
ag_node74,p3,608.6033899390642,14
ag_node74,p3,499.6434558189999,15
ag_node74,p5,917.9689686215881,3
ag_node74,p5,525.8632266912,4
ag_node74,p5,1644.066412496691,5
ag_node74,p5,391.599461016,6
ag_node74,p5,443.845356308122,7
ag_node74,p5,1495.0817038906234,8
ag_node74,p5,1392.500239458257,9
ag_node74,p5,1085.5439787145308,10
ag_node74,p5,1076.8985177673,11
ag_node74,p5,1738.2075884124986,12
ag_node74,p5,1401.5402855926366,13
ag_node74,p5,1412.972243409814,14
ag_node74,p5,1517.5733724716497,15
ag_node75,p5,300.17504541446704,4
ag_node75,p5,300.17504541446704,5
ag_node75,p5,300.17504541446704,6
ag_node75,p5,300.17504541446704,7
ag_node75,p5,300.17504541446704,8
ag_node75,p5,300.17504541446704,9
ag_node75,p5,300.17504541446704,10
ag_node75,p5,300.17504541446704,11
ag_node76,p1,83.8802966828409,1
ag_node76,p1,83.8802966828409,2
ag_node76,p5,46.37056607082174,3
ag_node76,p5,46.37056607082174,4
ag_node76,p5,46.37056607082174,5
ag_node76,p5,46.37056607082174,6
ag_node76,p5,46.37056607082174,7
ag_node76,p5,46.37056607082174,8
ag_node77,p2,559.4062190179933,3
ag_node77,p2,521.8153792058368,4
ag_node77,p2,670.1881211159882,5
ag_node77,p2,696.5846135116929,6
ag_node77,p2,670.1881211159882,7
ag_node77,p2,417.28846480749576,8
ag_node77,p2,469.3902244376325,9
ag_node77,p2,18.333308097,10
ag_node77,p2,18.333308097,11
ag_node77,p2,18.333308097,12
ag_node77,p2,18.333308097,13
ag_node77,p2,18.333308097,14
ag_node77,p2,18.333308097,15
ag_node77,p3,342.152786148,3
ag_node77,p3,544.0845683415151,4
ag_node77,p3,342.152786148,5
ag_node77,p3,306.22778614799995,6
ag_node77,p3,342.1527861479999,7
ag_node77,p3,686.3432193572644,8
ag_node77,p3,615.4339604052205,9
ag_node77,p3,324.07711337913884,10
ag_node77,p3,454.61543439686113,11
ag_node77,p3,342.1527861479999,12
ag_node77,p3,436.5397616279999,13
ag_node77,p3,389.3462738879999,14
ag_node77,p3,389.3462738879999,15
ag_node77,p5,119.41058725139426,3
ag_node77,p5,716.9429708883443,10
ag_node77,p5,613.557030289533,11
ag_node77,p5,702.6270947793562,12
ag_node77,p5,627.8729063985211,13
ag_node77,p5,665.2500005889387,14
ag_node77,p5,665.2500005889387,15
ag_node78,p1,148.71897396,1
ag_node78,p1,148.71897396,2
ag_node78,p3,13375.84288569673,1
ag_node78,p3,1852.4658434967084,2
ag_node78,p3,786.5523048168749,3
ag_node78,p3,1020.5451242506898,4
ag_node78,p3,1020.5451242506898,5
ag_node78,p3,1020.5451242506898,6
ag_node78,p3,1020.5451242506898,7
ag_node78,p3,1020.5451242506898,8
ag_node78,p3,868.7874785362375,9
ag_node78,p3,721.4528481999996,10
ag_node78,p3,721.4528481999996,11
ag_node78,p3,721.4528481999996,12
ag_node78,p3,624.2260445999982,13
ag_node78,p5,795.6262716962856,3
ag_node78,p5,610.3046930063892,4
ag_node78,p5,610.3046930063892,5
ag_node78,p5,610.3046930063892,6
ag_node78,p5,610.3046930063892,7
ag_node78,p5,610.3046930063892,8
ag_node78,p5,730.4962721758482,9
ag_node78,p5,1061.7981034749148,10
ag_node78,p5,1061.7981034749148,11
ag_node78,p5,1386.0665438290214,12
ag_node78,p5,1386.0665438290214,13
ag_node78,p5,1386.0665438290214,14
ag_node78,p5,1386.0665438290214,15
ag_node78,p6,178.00000000000014,3
ag_node78,p6,178.00000000000014,4
ag_node78,p6,178.00000000000014,5
ag_node78,p6,178.00000000000014,6
ag_node78,p6,178.00000000000014,7
ag_node78,p6,178.00000000000014,8
ag_node78,p6,178.00000000000014,9
ag_node78,p6,178.00000000000014,10
ag_node78,p6,178.00000000000014,11
ag_node78,p6,178.00000000000014,12
ag_node78,p6,178.00000000000014,13
ag_node78,p6,178.00000000000014,14
ag_node78,p6,178.00000000000014,15
ag_node79,p1,49.57299132,1
ag_node79,p1,337.7472354674669,2
ag_node79,p3,353.856850179,1
ag_node79,p3,300.328600179,2
ag_node79,p5,859.639787645159,1
ag_node79,p5,742.7259874167679,2
ag_node79,p5,1167.298161128412,3
ag_node79,p5,1167.298161128412,4
ag_node79,p5,1167.298161128412,5
ag_node79,p5,1167.298161128412,6
ag_node79,p5,1167.298161128412,7
ag_node79,p5,1167.298161128412,8
ag_node79,p5,1167.298161128412,9
ag_node80,p5,2075.987220311656,3
ag_node80,p5,2075.987220311656,4
ag_node80,p5,2075.987220311656,5
ag_node80,p5,2075.987220311656,6
ag_node80,p5,2075.987220311656,7
ag_node80,p5,2075.987220311656,8
ag_node80,p5,2075.987220311656,9
ag_node80,p5,2075.987220311656,10
ag_node80,p5,2075.987220311656,11
ag_node80,p5,1937.040358647446,12
ag_node80,p5,1937.040358647446,13
ag_node80,p5,1937.040358647446,14
ag_node80,p5,1937.040358647446,15
ag_node80,p6,178.00000000000014,12
ag_node80,p6,178.00000000000014,13
ag_node80,p6,178.00000000000014,14
ag_node80,p6,178.00000000000014,15
ag_node81,p1,49.57299132,3
ag_node81,p1,49.57299132,4
ag_node81,p1,49.57299132,5
ag_node81,p1,49.57299132,6
ag_node81,p1,49.57299132,7
ag_node81,p1,49.57299132,8
ag_node81,p1,49.57299132,9
ag_node81,p1,49.57299132,10
ag_node81,p1,49.57299132,11
ag_node81,p1,49.57299132,12
ag_node81,p1,49.57299132,13
ag_node81,p1,49.57299132,14
ag_node81,p1,49.57299132,15
ag_node81,p2,691.4904744002616,3
ag_node81,p2,76.34924745486607,4
ag_node81,p2,366.3996971700001,5
ag_node81,p2,219.99969717000002,6
ag_node81,p2,73.59969716999998,7
ag_node81,p2,833.7365155133258,8
ag_node81,p2,764.3841124371569,9
ag_node81,p2,620.3855167756718,10
ag_node81,p2,439.99939434000004,11
ag_node81,p2,174.32765440629493,12
ag_node81,p2,537.3293230979284,13
ag_node81,p2,608.3412055157767,14
ag_node81,p2,439.99939434000004,15
ag_node81,p3,217.19023161,3
ag_node81,p3,1054.382849732606,4
ag_node81,p3,659.6310679499692,5
ag_node81,p3,858.8779951991313,6
ag_node81,p3,1058.1249224482933,7
ag_node81,p3,23.596743869999997,8
ag_node81,p3,117.98371934999999,9
ag_node81,p3,95.07809262844195,10
ag_node81,p3,329.663297031558,11
ag_node81,p3,70.79023160999999,12
ag_node81,p3,23.596743869999997,13
ag_node81,p3,330.35441418,14
ag_node81,p3,141.58046321999998,15
ag_node81,p5,173.35567841761713,10
ag_node81,p5,182.00113936484763,11
ag_node81,p5,673.3924254908015,12
ag_node81,p5,319.4940350505162,13
ag_node81,p5,330.96215351377253,15
ag_node82,p1,27.173833207277085,1
ag_node82,p1,27.173833207277085,2
ag_node82,p1,297.43794792,3
ag_node82,p1,297.43794792,4
ag_node82,p1,297.43794792,5
ag_node82,p1,297.43794792,6
ag_node82,p1,297.43794792,7
ag_node82,p1,297.43794792,8
ag_node82,p1,297.43794792,9
ag_node82,p1,297.43794792,10
ag_node82,p1,297.43794792,11
ag_node82,p1,297.43794792,12
ag_node82,p1,297.43794792,13
ag_node82,p1,297.43794792,14
ag_node82,p1,297.43794792,15
ag_node82,p5,236.89309752353512,3
ag_node82,p5,236.89309752353512,4
ag_node82,p5,236.89309752353512,5
ag_node82,p5,236.89309752353512,6
ag_node82,p5,236.89309752353512,7
ag_node82,p5,236.89309752353512,8
ag_node82,p5,236.89309752353512,9
ag_node82,p5,236.89309752353512,10
ag_node82,p5,236.89309752353512,11
ag_node82,p5,236.89309752353512,12
ag_node82,p5,236.89309752353512,13
ag_node82,p5,236.89309752353512,14
ag_node82,p5,236.89309752353512,15
ag_node83,p5,185.32157868989628,4
ag_node83,p5,185.32157868989628,5
ag_node83,p5,185.32157868989628,6
ag_node83,p5,185.32157868989628,7
ag_node83,p5,185.32157868989628,8
ag_node83,p5,185.32157868989628,9
ag_node83,p5,185.32157868989628,10
ag_node83,p5,185.32157868989628,11
ag_node84,p1,121.54514075272292,1
ag_node84,p1,121.54514075272292,2
ag_node84,p5,67.19238251114133,3
ag_node84,p5,67.19238251114133,4
ag_node84,p5,67.19238251114133,5
ag_node84,p5,67.19238251114133,6
ag_node84,p5,67.19238251114133,7
ag_node84,p5,67.19238251114133,8
ag_node85,p2,284.77813878762174,1
ag_node85,p2,284.77813878762174,2
ag_node85,p5,306.95920673855693,3
ag_node85,p5,306.95920673855693,4
ag_node85,p5,306.95920673855693,5
ag_node85,p5,306.95920673855693,6
ag_node85,p5,306.95920673855693,7
ag_node85,p5,306.95920673855693,8
ag_node85,p5,306.95920673855693,9
ag_node86,p2,389.8510042217181,3
ag_node86,p2,389.8510042217181,4
ag_node86,p2,389.8510042217181,5
ag_node86,p2,389.8510042217181,6
ag_node86,p2,389.8510042217181,7
ag_node86,p2,389.8510042217181,8
ag_node86,p2,389.8510042217181,9
ag_node86,p2,389.8510042217181,10
ag_node86,p2,389.8510042217181,11
ag_node86,p2,389.8510042217181,12
ag_node86,p2,389.8510042217181,13
ag_node86,p2,389.8510042217181,14
ag_node86,p2,389.8510042217181,15
ag_node87,p2,49.16944092330088,1
ag_node87,p2,49.16944092330088,2
ag_node87,p5,52.999196658317416,3
ag_node87,p5,52.999196658317416,4
ag_node87,p5,52.999196658317416,5
ag_node87,p5,52.999196658317416,6
ag_node87,p5,52.999196658317416,7
ag_node87,p5,52.999196658317416,8
ag_node88,p2,22.583610992492925,1
ag_node88,p2,22.583610992492925,2
ag_node88,p5,24.342624560509634,3
ag_node88,p5,24.342624560509634,4
ag_node88,p5,24.342624560509634,5
ag_node88,p5,24.342624560509634,6
ag_node88,p5,24.342624560509634,7
ag_node88,p5,24.342624560509634,8
ag_node88,p5,24.342624560509634,9
