0,0.0074167,0.015417,0.027633,0.053117,0.084417,0.12068,0.17013,0.22782,0.29112,0.35408,0.41965,0.4792,0.52213,0.56798,0.60052,0.64098,0.66218,0.66133,0.6673,0.65732,0.64617,0.63345,0.62217,0.6048,0.59232,0.58225,0.5749,0.56273,0.5536,0.54547,0.5377,0.53033,0.52335,0.51575,0.51095,0.50623,0.50242,0.50015,0.49383,0.49005,0.48568,0.48117,0.47612,0.46942,0.46757,0.46335,0.46015
0,0.00675,0.01055,0.021775,0.038475,0.07205,0.1034,0.15722,0.2368,0.3569,0.53445,0.6838,0.86007,1.0267,1.1175,1.1572,1.1768,1.1893,1.1875,1.1871,1.1848,1.1843,1.1853,1.1848,1.182,1.1812,1.1781,1.1825,1.1829,1.1832,1.1754,1.1794,1.1736,1.1713,1.1715,1.1711,1.1715,1.1704,1.1695,1.1687,1.1663,1.1624,1.1649,1.1612,1.1582,1.1598,1.1585,1.1562
0,0.005375,0.002675,0.010225,0.01295,0.0249,0.0305,0.036625,0.045,0.06265,0.0828,0.1155,0.15868,0.2242,0.2868,0.35892,0.46425,0.60715,0.738,0.87448,0.98228,1.0415,1.0677,1.0789,1.0879,1.0847,1.0826,1.0839,1.0801,1.0844,1.0776,1.0733,1.0595,1.0598,1.0669,1.0545,1.0512,1.057,1.0608,1.0478,1.0469,1.0518,1.051,1.0419,1.0433,1.0491,1.0436,1.0429
0,0.00454,0.0064,0.00882,0.00952,0.02336,0.02184,0.03244,0.0326,0.0387,0.0462,0.05306,0.0636,0.07186,0.07864,0.08606,0.09652,0.10932,0.11172,0.12094,0.12752,0.1338,0.14108,0.14564,0.14844,0.14974,0.14998,0.15486,0.15548,0.1569,0.1548,0.15708,0.15472,0.15524,0.15468,0.15442,0.15502,0.15554,0.15662,0.1587,0.15634,0.15772,0.15832,0.15852,0.15828,0.16034,0.1605,0.16034
0,0.013125,0.014325,0.021125,0.0257,0.038775,0.0498,0.063325,0.082925,0.1099,0.14857,0.21055,0.28985,0.39765,0.5296,0.67523,0.82067,0.9468,1.0346,1.0897,1.1443,1.1818,1.2299,1.2658,1.3054,1.3315,1.3681,1.3912,1.4011,1.4112,1.4022,1.395,1.383,1.3666,1.356,1.344,1.3286,1.3144,1.3033,1.2918,1.2854,1.2776,1.2733,1.2645,1.2597,1.2624,1.2534,1.2573
0,0.01025,0.017825,0.034025,0.04795,0.081725,0.11063,0.15785,0.22433,0.32015,0.4408,0.57532,0.70473,0.86562,0.9584,1.0191,1.0606,1.0825,1.0855,1.0903,1.0927,1.096,1.0982,1.0988,1.0997,1.0997,1.1019,1.1058,1.108,1.1108,1.1058,1.1085,1.1073,1.1059,1.1047,1.1041,1.1032,1.1005,1.0992,1.0955,1.0929,1.0871,1.0826,1.0763,1.0708,1.0678,1.0647,1.0617
0,0.00364,0.0067,0.00798,0.00936,0.02298,0.0228,0.0298,0.033,0.04084,0.04914,0.05506,0.0644,0.0755,0.08704,0.09608,0.10576,0.11924,0.122,0.12972,0.13602,0.1415,0.14814,0.15302,0.15706,0.159,0.15764,0.16332,0.1635,0.1652,0.16322,0.1671,0.1646,0.16644,0.16524,0.1639,0.1668,0.16692,0.16766,0.17064,0.16746,0.16888,0.16822,0.16758,0.16748,0.17188,0.17182,0.1697
0,0.0047,0.0067667,0.0084667,0.01165,0.023683,0.023117,0.0316,0.033067,0.040683,0.04935,0.05675,0.069467,0.08145,0.09245,0.10435,0.11827,0.1329,0.13662,0.14475,0.15442,0.16053,0.16853,0.1731,0.17542,0.17833,0.17903,0.18423,0.18693,0.18842,0.18637,0.18978,0.18882,0.1887,0.18672,0.18642,0.18763,0.18807,0.18945,0.18897,0.18683,0.18855,0.18785,0.18573,0.18632,0.18795,0.18868,0.18787
0,0.00236,0.00234,0.0084,0.0116,0.02614,0.02874,0.03662,0.04618,0.05988,0.07622,0.0933,0.10804,0.1285,0.14426,0.15368,0.16238,0.179,0.18418,0.19656,0.20904,0.22034,0.23146,0.2426,0.2487,0.25358,0.25618,0.26196,0.2635,0.26568,0.26152,0.26458,0.26152,0.2601,0.25862,0.25956,0.26044,0.25872,0.25774,0.25714,0.2574,0.2573,0.25618,0.25536,0.25438,0.25284,0.2524,0.25116
0,0.0054,0.0072667,0.01415,0.022617,0.039083,0.0537,0.072433,0.09495,0.12868,0.16425,0.20162,0.2397,0.2756,0.30963,0.3447,0.37818,0.4168,0.4409,0.47517,0.51192,0.55233,0.59488,0.63898,0.67518,0.72272,0.76387,0.80865,0.84755,0.88017,0.90158,0.92333,0.92935,0.93503,0.93093,0.9251,0.92125,0.91573,0.90965,0.89888,0.89102,0.8842,0.87683,0.86713,0.85957,0.85558,0.8486,0.84263
0,0.0034167,0.0023667,0.0031333,0.01005,0.01665,0.022367,0.026883,0.029883,0.036983,0.045867,0.05435,0.062383,0.070283,0.078167,0.08355,0.090133,0.10248,0.10482,0.11232,0.11807,0.12547,0.12973,0.13705,0.14073,0.14418,0.14437,0.14947,0.14907,0.15282,0.15138,0.15548,0.15492,0.15647,0.15545,0.15703,0.15802,0.15912,0.16563,0.16595,0.16642,0.16862,0.17148,0.16958,0.17137,0.17445,0.17688,0.17592
0,0.01035,0.0127,0.023125,0.0354,0.06535,0.091125,0.1332,0.1934,0.28708,0.36683,0.46482,0.58157,0.69047,0.7845,0.85995,0.90918,0.93942,0.95163,0.96083,0.96118,0.96493,0.9703,0.9699,0.97415,0.9733,0.97423,0.9786,0.97933,0.98125,0.97652,0.97445,0.97465,0.9755,0.9767,0.97865,0.98047,0.98463,0.98215,0.9849,0.98803,0.99085,0.9885,0.98863,0.99028,0.99108,0.99047,0.9907
0,0.00755,0.00745,0.016575,0.023875,0.04405,0.058575,0.087175,0.11808,0.17133,0.2272,0.25325,0.32527,0.38675,0.46135,0.55463,0.65573,0.73235,0.7759,0.81305,0.84498,0.8712,0.90635,0.93015,0.9623,0.98688,1.0087,1.0275,1.0377,1.0711,1.0689,1.0872,1.085,1.1062,1.1159,1.1229,1.1266,1.1367,1.1412,1.1372,1.1373,1.1332,1.141,1.1407,1.1424,1.1365,1.137,1.1322
0,0.0066667,0.0085167,0.012833,0.022917,0.04765,0.06315,0.092883,0.12588,0.17057,0.21342,0.26048,0.30985,0.3597,0.41695,0.47278,0.53108,0.57237,0.57632,0.57195,0.56887,0.56052,0.55437,0.54542,0.53457,0.52453,0.51643,0.5131,0.50552,0.49712,0.48812,0.48237,0.47217,0.46352,0.45467,0.44877,0.44453,0.43733,0.42962,0.42292,0.41767,0.4131,0.40865,0.40313,0.39753,0.3914,0.3855,0.38047
0,0.000125,0.0018,0.0079,0.017125,0.0457,0.06335,0.098575,0.14543,0.21675,0.27157,0.34397,0.43238,0.53575,0.6424,0.72392,0.78953,0.85245,0.88245,0.91288,0.94433,0.97,0.99935,1.0198,1.0448,1.0657,1.0852,1.1138,1.1435,1.1685,1.1923,1.2181,1.244,1.2732,1.3067,1.3332,1.3539,1.3768,1.386,1.3902,1.3867,1.3873,1.3809,1.3789,1.3742,1.3707,1.368,1.3668
0,0.020625,0.03815,0.059825,0.087025,0.1318,0.17632,0.2381,0.32798,0.4084,0.50668,0.59988,0.69112,0.80152,0.896,0.96125,1.0019,1.0148,1.0152,1.0143,1.0155,1.0161,1.0015,0.99785,0.99728,0.99363,0.98953,0.98933,0.9823,0.98103,0.97618,0.97065,0.96723,0.96488,0.95927,0.95693,0.95803,0.9556,0.95012,0.94763,0.94458,0.93812,0.93702,0.92515,0.92325,0.91605,0.91675,0.91537
0,0.0049167,0.0058167,0.012933,0.0282,0.0474,0.066333,0.096783,0.13498,0.1862,0.2311,0.28023,0.34845,0.38213,0.43413,0.4798,0.52127,0.56872,0.56078,0.56805,0.56973,0.57293,0.57557,0.5787,0.58828,0.61323,0.63687,0.66125,0.68658,0.70532,0.71697,0.73172,0.74917,0.74737,0.74623,0.74658,0.74215,0.73368,0.7254,0.71037,0.69818,0.68425,0.67277,0.66143,0.64873,0.6423,0.63478,0.6277
0,0.0052333,0.0094333,0.01785,0.02485,0.056967,0.076267,0.10985,0.1491,0.19407,0.23605,0.2937,0.35,0.40788,0.46105,0.50102,0.53627,0.55517,0.54938,0.54607,0.54112,0.53807,0.53335,0.52847,0.52207,0.51458,0.50588,0.50312,0.49513,0.48845,0.48095,0.47437,0.46735,0.45807,0.4489,0.44042,0.43213,0.42462,0.41657,0.4073,0.39893,0.3922,0.38633,0.37817,0.37228,0.36745,0.3621,0.35932
0,0.00063333,0.0055,0.016817,0.0343,0.050567,0.06595,0.086933,0.1087,0.13425,0.16202,0.18013,0.2038,0.2316,0.26173,0.28167,0.30473,0.33522,0.34738,0.36947,0.39252,0.4057,0.42012,0.40283,0.41127,0.41763,0.4194,0.4225,0.41775,0.41118,0.4026,0.39233,0.38597,0.37792,0.37075,0.36652,0.36317,0.35678,0.35275,0.34753,0.34258,0.33928,0.33747,0.33253,0.3243,0.32095,0.3191,0.31482
0,0.00275,0.0087167,0.01635,0.023567,0.044233,0.04975,0.068083,0.089767,0.12133,0.15472,0.19928,0.24572,0.29755,0.35147,0.3729,0.42157,0.48028,0.52512,0.56105,0.58415,0.58513,0.58175,0.57338,0.56275,0.55167,0.53867,0.53055,0.51635,0.50713,0.48997,0.48308,0.46735,0.45795,0.44415,0.4358,0.4298,0.41922,0.41018,0.40122,0.3951,0.38928,0.38008,0.37398,0.3659,0.35863,0.3519,0.34472
0.0010333,0.0010833,0,0.0064333,0.013517,0.0369,0.051067,0.0775,0.10942,0.15575,0.20087,0.23873,0.29198,0.34642,0.39988,0.44693,0.48515,0.51632,0.52093,0.51877,0.51735,0.51645,0.51363,0.51398,0.51132,0.50925,0.50752,0.50977,0.50917,0.51083,0.50722,0.51318,0.50818,0.51112,0.51018,0.51303,0.51425,0.51183,0.51017,0.50938,0.50945,0.50798,0.50552,0.50068,0.49653,0.4903,0.48642,0.48093
0,0.01145,0.0144,0.018675,0.024425,0.044125,0.060925,0.0893,0.13495,0.1764,0.24723,0.33137,0.39712,0.45757,0.52663,0.59035,0.64032,0.67822,0.71045,0.72805,0.7351,0.7389,0.743,0.74782,0.75185,0.75065,0.7538,0.7567,0.7583,0.75015,0.74572,0.7355,0.73517,0.74062,0.73432,0.73595,0.73422,0.72722,0.73,0.7302,0.73187,0.73595,0.74193,0.73298,0.7393,0.7429,0.7396,0.74792
0,0.001925,0.004225,0.0057,0.010875,0.02985,0.033175,0.0501,0.0769,0.10917,0.1582,0.21655,0.285,0.3558,0.42165,0.50083,0.5717,0.63507,0.67665,0.7056,0.73275,0.74815,0.75443,0.7594,0.75743,0.75733,0.75213,0.75348,0.7571,0.75385,0.74758,0.74703,0.74157,0.73645,0.73625,0.73033,0.72598,0.728,0.72515,0.72473,0.7269,0.72248,0.72538,0.72497,0.72432,0.72525,0.72595,0.7334
0,0.007975,0.009775,0.0191,0.031775,0.0519,0.0775,0.11222,0.15305,0.2102,0.27418,0.33657,0.40615,0.48085,0.54083,0.58967,0.62767,0.6601,0.67505,0.6832,0.69052,0.69318,0.6951,0.69622,0.69377,0.68895,0.69222,0.6964,0.69708,0.69277,0.68967,0.69102,0.68688,0.68973,0.69145,0.68867,0.68927,0.6909,0.6932,0.6845,0.68413,0.6893,0.67925,0.68178,0.68845,0.6873,0.68967,0.68945
0,0.0132,0.02065,0.0376,0.058675,0.092225,0.12558,0.16903,0.22457,0.29937,0.37838,0.4419,0.50643,0.55825,0.59567,0.63565,0.66657,0.69885,0.71445,0.72505,0.7352,0.73833,0.74098,0.73783,0.7367,0.73383,0.72702,0.72442,0.72187,0.71902,0.7097,0.7013,0.6964,0.6946,0.69235,0.68815,0.68847,0.68657,0.68793,0.69007,0.69228,0.6872,0.69897,0.70012,0.70085,0.70668,0.70573,0.71557
0,0.0054,0.00535,0.0112,0.0162,0.03625,0.0467,0.06875,0.09915,0.13615,0.18475,0.25037,0.3229,0.40693,0.48492,0.55175,0.61017,0.65752,0.68112,0.7015,0.71115,0.71612,0.71827,0.72088,0.71645,0.71572,0.71592,0.71837,0.71235,0.70768,0.70265,0.70138,0.6975,0.69465,0.68982,0.6876,0.68817,0.68065,0.68455,0.68253,0.67728,0.68043,0.67893,0.67938,0.6832,0.68202,0.6836,0.6842
0,0.009,0.012275,0.01535,0.023375,0.036025,0.041625,0.058775,0.087375,0.12203,0.18145,0.2451,0.3254,0.40522,0.48108,0.56117,0.62645,0.67775,0.70775,0.72468,0.7406,0.74198,0.7516,0.7483,0.75085,0.75035,0.7459,0.75127,0.74435,0.74323,0.73208,0.73057,0.72638,0.71713,0.71695,0.71773,0.71473,0.71598,0.71808,0.71325,0.71747,0.71178,0.7183,0.71588,0.6955,0.6965,0.69688,0.70978
2.5e-05,0.0014,0,0.003925,0.014575,0.039425,0.056575,0.089125,0.1289,0.18437,0.26467,0.34155,0.4139,0.50482,0.5824,0.64958,0.7084,0.7551,0.78195,0.8052,0.82632,0.8409,0.85485,0.867,0.8728,0.8839,0.88935,0.8979,0.90667,0.91185,0.90658,0.9116,0.90803,0.9126,0.91078,0.90877,0.90958,0.9133,0.91245,0.91253,0.9112,0.91535,0.91355,0.91297,0.91423,0.91735,0.91437,0.91282
0,0.00285,0.006825,0.012475,0.018675,0.03935,0.053725,0.077775,0.11075,0.15612,0.22043,0.3007,0.38543,0.46718,0.54407,0.62672,0.69265,0.7397,0.76255,0.78807,0.8053,0.81947,0.83437,0.84247,0.8551,0.86272,0.87,0.87947,0.8889,0.89495,0.8965,0.90355,0.90785,0.91075,0.9163,0.92252,0.93115,0.93602,0.9424,0.9458,0.95125,0.95615,0.95815,0.96163,0.96727,0.969,0.97125,0.98145
0.0035,0.001175,0,0.0018,0.0077,0.0278,0.03835,0.058375,0.0836,0.12328,0.17622,0.2442,0.3198,0.4059,0.4933,0.57973,0.64948,0.7019,0.73303,0.7592,0.77423,0.78563,0.79518,0.80238,0.79988,0.8018,0.80422,0.80445,0.80955,0.811,0.80505,0.80543,0.798,0.79218,0.7894,0.78738,0.78678,0.78327,0.77887,0.776,0.77208,0.777,0.77265,0.77163,0.77295,0.77382,0.7725,0.77772
0.0026,0.0056,0,0.001275,0.001,0.00625,0.007175,0.006375,0.008125,0.011925,0.021,0.029975,0.04285,0.062725,0.08735,0.12002,0.16773,0.2275,0.28978,0.36118,0.43077,0.48855,0.54087,0.5835,0.6214,0.65473,0.68312,0.7081,0.7272,0.73933,0.74297,0.74867,0.7553,0.7568,0.76297,0.74503,0.74575,0.74092,0.7477,0.74295,0.74225,0.74555,0.7427,0.7435,0.73945,0.73965,0.73357,0.73605
0,0.0063,0.007725,0.008475,0.01215,0.026875,0.036275,0.05145,0.077625,0.1045,0.1431,0.19737,0.26435,0.3034,0.36777,0.4331,0.4971,0.55393,0.59945,0.64122,0.67852,0.70143,0.71873,0.7346,0.7442,0.74485,0.7521,0.75072,0.75852,0.76185,0.76375,0.75495,0.75867,0.7562,0.75115,0.7493,0.7457,0.74343,0.7428,0.73022,0.7363,0.72808,0.73297,0.73375,0.73223,0.73192,0.7261,0.72258
0,0.00575,0.004625,0.01285,0.022175,0.038025,0.0573,0.080525,0.1177,0.1673,0.2229,0.28255,0.34232,0.41038,0.47032,0.5202,0.5479,0.58252,0.61417,0.64403,0.67122,0.69205,0.71213,0.7248,0.73482,0.73873,0.74505,0.75008,0.75023,0.74703,0.74395,0.7374,0.73362,0.72345,0.72508,0.71727,0.70775,0.70687,0.70358,0.68268,0.6824,0.6774,0.67953,0.6738,0.67415,0.67378,0.67285,0.6748
0.0048,0.005475,0,0.0003,0.0028,0.0082,0.008025,0.007375,0.00585,0.01165,0.018025,0.025875,0.037425,0.054025,0.072125,0.1018,0.14315,0.2014,0.2574,0.331,0.40875,0.47695,0.54025,0.59065,0.63563,0.67585,0.71223,0.74697,0.76883,0.78297,0.78553,0.79798,0.80263,0.8062,0.80917,0.81217,0.81478,0.81507,0.81528,0.81268,0.81365,0.8134,0.80567,0.803,0.80763,0.8067,0.80283,0.80082
0.009525,0.00785,0.002425,0.0024,0,0.0068,0.005725,0.004725,0.0046,0.0076,0.013925,0.0229,0.033075,0.04715,0.0713,0.099825,0.1397,0.19848,0.25482,0.3283,0.4029,0.47253,0.5354,0.588,0.63495,0.6706,0.7001,0.71898,0.7302,0.74208,0.74175,0.74737,0.74585,0.74895,0.75085,0.75093,0.75215,0.7469,0.75392,0.74903,0.72752,0.72857,0.72218,0.71843,0.71972,0.71552,0.71483,0.71465
0.007275,0.005875,0,0.001775,0.00315,0.014625,0.018275,0.02115,0.02715,0.041,0.0569,0.0788,0.10337,0.14015,0.15468,0.17927,0.22702,0.28327,0.33245,0.39648,0.46227,0.53318,0.58632,0.64472,0.6972,0.74377,0.78475,0.832,0.86802,0.89182,0.90687,0.9331,0.94142,0.95273,0.96218,0.9667,0.9719,0.97548,0.98487,0.98897,0.9872,0.99395,1.0015,1.0029,1.0027,1.0069,1.0095,1.0111
0,0.006475,0.004125,0.005825,0.008475,0.013325,0.01675,0.01625,0.02985,0.042225,0.05855,0.078725,0.1029,0.12705,0.15717,0.1831,0.22718,0.2855,0.33633,0.40077,0.46957,0.52963,0.59473,0.65547,0.716,0.77427,0.82705,0.84622,0.88525,0.91907,0.9411,0.95785,0.9781,0.98187,0.99455,1.0169,1.0197,1.0239,1.0348,1.0476,1.0649,1.0662,1.072,1.0832,1.0892,1.098,1.0984,1.1084
0.0096,0.00785,0.001775,0,0.001775,0.008275,0.00855,0.00695,0.0119,0.018,0.025825,0.039,0.053275,0.072775,0.0932,0.13168,0.18292,0.2464,0.30883,0.3802,0.45398,0.51785,0.58088,0.62448,0.66478,0.69748,0.72742,0.7465,0.76895,0.78415,0.7895,0.79405,0.79807,0.8027,0.80897,0.8042,0.80425,0.8029,0.80682,0.80325,0.8011,0.79685,0.80517,0.7994,0.80283,0.79737,0.78642,0.7904
0.002325,0.00425,0,7.5e-05,0.001225,0.011225,0.013775,0.02015,0.0281,0.0383,0.058775,0.077975,0.10992,0.1513,0.19005,0.23618,0.29907,0.36962,0.42623,0.48835,0.5388,0.58195,0.61553,0.64133,0.65783,0.66857,0.674,0.68073,0.68453,0.6871,0.6849,0.69173,0.6913,0.68835,0.69193,0.68942,0.6899,0.68728,0.68885,0.6903,0.68578,0.68922,0.68702,0.68065,0.68895,0.68145,0.67353,0.67918
0,0.008525,0.015425,0.025775,0.031175,0.05855,0.074175,0.10312,0.13895,0.18232,0.2312,0.28547,0.34625,0.41233,0.46377,0.49492,0.5235,0.5589,0.58612,0.61733,0.6426,0.66013,0.67565,0.6876,0.6958,0.6969,0.69858,0.70295,0.69822,0.69527,0.6906,0.68353,0.6781,0.6701,0.66847,0.66112,0.65785,0.6532,0.6541,0.65127,0.64915,0.64892,0.65058,0.65143,0.65405,0.65515,0.65522,0.65813
0.0032333,0.00545,0.00165,0.0010333,0.0027667,0.0053,0.0042667,0.00385,0.00105,0,0.0022,0.0032,0.0026,0.0028833,0.00205,0.0015167,0.0023333,0.0075167,0.0019167,0.0024,0.00275,0.0039333,0.0044,0.0048833,0.0052333,0.0058,0.0052667,0.0071,0.0066,0.0071333,0.0052833,0.0066667,0.0059,0.0071667,0.0071667,0.01055,0.01355,0.0175,0.025283,0.029433,0.035617,0.04505,0.055183,0.064567,0.0771,0.092533,0.10812,0.12333
0.0057667,0.009,0.0041,0.0038,0.0041167,0.00555,0.0052333,0.0028167,0.00135,0.0011167,0.00245,0.0054667,0.00365,0.00535,0.0013833,0,0.0019333,0.0078,0.00215,0.0041833,0.0065833,0.0086833,0.012117,0.016333,0.02115,0.0276,0.032633,0.043567,0.050567,0.059733,0.064233,0.071783,0.076117,0.083033,0.091,0.10148,0.11095,0.1197,0.12965,0.13633,0.1405,0.1495,0.15747,0.16357,0.17045,0.17828,0.18575,0.19232
0.00965,0.00885,0.0049667,0.00415,0,0.01385,0.0094,0.013417,0.01165,0.01725,0.02415,0.031767,0.0371,0.047117,0.052433,0.064583,0.07545,0.092167,0.098333,0.10915,0.11527,0.11875,0.12272,0.12312,0.12297,0.12127,0.1212,0.12632,0.12085,0.12268,0.11852,0.1185,0.11458,0.11352,0.11005,0.10968,0.10952,0.11022,0.10747,0.10637,0.10728,0.10682,0.10215,0.10018,0.099533,0.0988,0.098333,0.09865
0.0008,0.00585,0,0.0012167,0.0032667,0.00525,0.00885,0.011217,0.023917,0.018667,0.024217,0.033583,0.0409,0.04925,0.052983,0.058983,0.074383,0.08825,0.091833,0.10125,0.111,0.12392,0.13283,0.13243,0.1375,0.14682,0.15472,0.17225,0.17713,0.18725,0.19703,0.21317,0.21713,0.22477,0.23733,0.2451,0.25828,0.26227,0.2759,0.29207,0.30105,0.32367,0.32845,0.33795,0.353,0.35243,0.36665,0.36975
0.0089667,0.0083333,0.0032333,0.00155,0.00245,0.00265,0.0023,0.0010833,0.0086,0,0.00063333,0.0031667,0.00305,0.0041167,0.00135,0.0012667,0.0033333,0.0083,0.005,0.0075333,0.01425,0.0217,0.031683,0.0439,0.058,0.0763,0.094333,0.11795,0.1368,0.15843,0.1765,0.19773,0.21523,0.23457,0.25085,0.26603,0.28168,0.29498,0.31105,0.32185,0.33322,0.34785,0.35665,0.36455,0.37547,0.38595,0.39475,0.39917
0,0.0091,0.012575,0.02665,0.04355,0.06715,0.0943,0.12878,0.17688,0.23128,0.30975,0.36635,0.41675,0.47533,0.51222,0.5464,0.58132,0.61782,0.6414,0.66838,0.68935,0.6983,0.71203,0.7108,0.71437,0.71435,0.71395,0.71742,0.71795,0.71632,0.71072,0.70575,0.6997,0.7053,0.69903,0.69617,0.69478,0.692,0.69463,0.69547,0.69752,0.69755,0.7003,0.6934,0.69817,0.70258,0.68032,0.6839
0,0.00725,0.003575,0.00505,0.005575,0.01855,0.02195,0.028975,0.0378,0.0473,0.0661,0.087925,0.1182,0.15513,0.19882,0.24838,0.31215,0.3853,0.4467,0.5083,0.56545,0.6147,0.65223,0.68312,0.70795,0.71962,0.72877,0.7381,0.7426,0.75117,0.72562,0.72897,0.73558,0.73265,0.72532,0.7226,0.7278,0.726,0.73005,0.72475,0.72578,0.72705,0.72595,0.72283,0.72415,0.7223,0.71965,0.7214
0,0.006625,0.002925,0.0052,0.006125,0.01605,0.018375,0.025725,0.033525,0.046875,0.070475,0.097125,0.13763,0.19105,0.23847,0.2926,0.3674,0.43807,0.49328,0.54943,0.5892,0.6228,0.64445,0.66078,0.67325,0.6742,0.67888,0.68735,0.6839,0.68723,0.68098,0.68345,0.6812,0.68165,0.6818,0.67728,0.67915,0.68052,0.6814,0.67788,0.6725,0.67333,0.66685,0.66768,0.6668,0.66578,0.65938,0.64253
0.0047,0.0038,0,0.0042,0.004575,0.0212,0.023875,0.0374,0.052575,0.074575,0.10525,0.13905,0.17997,0.2382,0.3052,0.3795,0.46713,0.56042,0.63577,0.70437,0.75975,0.79555,0.82127,0.83767,0.8528,0.86845,0.88245,0.90048,0.91363,0.92587,0.93395,0.94165,0.9354,0.94378,0.94152,0.9458,0.94837,0.94535,0.95072,0.9489,0.9568,0.95168,0.95795,0.9545,0.95788,0.95662,0.95667,0.95905
0.003625,0,0.001175,0.003475,0.0068,0.02015,0.026425,0.0372,0.052075,0.072375,0.10155,0.1314,0.17538,0.2326,0.29195,0.35497,0.43672,0.51367,0.56927,0.62525,0.67085,0.70992,0.73867,0.7604,0.78202,0.7851,0.79973,0.8136,0.82107,0.8295,0.81355,0.83013,0.8354,0.84747,0.8586,0.86415,0.87502,0.879,0.89207,0.8987,0.90142,0.90908,0.91633,0.92237,0.9281,0.9314,0.93603,0.94435
0.002525,0.001625,0,0.00165,0.001975,0.0153,0.016625,0.027925,0.035775,0.0493,0.07285,0.10238,0.14028,0.1881,0.24302,0.30532,0.37603,0.44978,0.50518,0.55658,0.5933,0.62128,0.64078,0.6527,0.66153,0.6719,0.67093,0.68353,0.69217,0.69538,0.69588,0.70408,0.70072,0.70155,0.7063,0.70442,0.7064,0.70808,0.7126,0.71018,0.7092,0.71198,0.71018,0.70983,0.71453,0.70353,0.70345,0.70448
0,0.0067,0.0111,0.0181,0.0298,0.0532,0.07115,0.1028,0.14185,0.1888,0.22705,0.28535,0.3441,0.41475,0.4801,0.513,0.5373,0.57495,0.603,0.63405,0.65805,0.6793,0.6919,0.7007,0.7005,0.701,0.69925,0.69585,0.69275,0.6888,0.68375,0.6803,0.67305,0.66955,0.6609,0.65855,0.65555,0.65255,0.65045,0.6491,0.6496,0.64705,0.64895,0.65145,0.65185,0.65725,0.66345,0.66385
0,0.006975,0.012225,0.0231,0.030125,0.056475,0.0714,0.10185,0.14102,0.19032,0.2467,0.30625,0.37098,0.43683,0.48037,0.5031,0.5319,0.57115,0.59668,0.62807,0.65882,0.67592,0.6938,0.70622,0.72087,0.7251,0.73393,0.73797,0.7366,0.73697,0.7289,0.72662,0.71955,0.7136,0.71075,0.7065,0.7056,0.70383,0.70177,0.70083,0.69928,0.697,0.6955,0.69022,0.6914,0.69168,0.6901,0.6916
0,0.006325,0.008,0.01635,0.028675,0.055375,0.072525,0.10465,0.14227,0.19182,0.25495,0.31293,0.36688,0.43648,0.50345,0.56223,0.629,0.69775,0.74588,0.78317,0.81048,0.83533,0.84763,0.86092,0.86645,0.87182,0.8764,0.88173,0.88013,0.88185,0.87837,0.8788,0.87385,0.86952,0.86427,0.86023,0.8563,0.84947,0.84407,0.84015,0.83283,0.82963,0.8272,0.8199,0.81413,0.817,0.81445,0.8095
0,0.0071,0.017125,0.030075,0.036125,0.071575,0.088525,0.12017,0.15595,0.21848,0.301,0.36267,0.43685,0.51695,0.60288,0.673,0.75705,0.83012,0.88565,0.92027,0.92322,0.93475,0.94787,0.95042,0.94655,0.94437,0.93955,0.93917,0.93188,0.93142,0.9276,0.9236,0.9265,0.92455,0.9278,0.9309,0.92223,0.92445,0.92655,0.92957,0.92945,0.92577,0.92827,0.92435,0.92345,0.92397,0.9194,0.92185
0,0.0051,0.007,0.013,0.02035,0.041925,0.053525,0.07585,0.10807,0.14755,0.19855,0.24555,0.2975,0.36305,0.43237,0.48902,0.52912,0.56657,0.595,0.63067,0.6642,0.68635,0.70905,0.7247,0.73202,0.7375,0.73962,0.73568,0.7338,0.73007,0.72147,0.7152,0.70717,0.69937,0.69732,0.69188,0.68477,0.68597,0.68275,0.68193,0.68297,0.6813,0.6849,0.6885,0.69115,0.69455,0.6969,0.70062
0.0063167,0.0082833,0.00465,0.0038,0.00605,0.0072833,0.00795,0.0068167,0.0028667,0.0038,0.0058333,0.0056167,0.00595,0.0048167,0.0028833,0.00063333,0.00036667,0.0057667,0,0.00051667,0.0010167,0.0021833,0.0031667,0.0065,0.00855,0.0118,0.014167,0.01985,0.023733,0.029033,0.0322,0.040217,0.043067,0.047833,0.04955,0.053617,0.057083,0.0595,0.0668,0.068567,0.073083,0.0793,0.086017,0.08915,0.095917,0.10333,0.1119,0.11828
0.0072667,0.00675,0.0029167,0.0037167,0,0.015717,0.0133,0.018117,0.020183,0.027583,0.040233,0.049267,0.058083,0.072567,0.083083,0.097183,0.11132,0.12695,0.13185,0.1415,0.14497,0.1444,0.14767,0.14702,0.1462,0.14537,0.14377,0.14755,0.14827,0.14902,0.14625,0.14633,0.1433,0.1405,0.13827,0.1388,0.13918,0.13953,0.13852,0.13842,0.13732,0.13845,0.13682,0.13645,0.1365,0.13693,0.13425,0.1335
0,0.0037333,0.00045,0.00315,0.0079833,0.011483,0.015917,0.018333,0.019667,0.023183,0.029017,0.035467,0.042033,0.04705,0.05135,0.05485,0.063233,0.074517,0.076783,0.086233,0.093767,0.1024,0.11078,0.11872,0.12167,0.13118,0.1401,0.15362,0.16383,0.17473,0.1818,0.1938,0.20202,0.21482,0.22675,0.23352,0.24888,0.26297,0.27748,0.29008,0.3008,0.31577,0.325,0.33358,0.34207,0.35665,0.365,0.37807
0.00502,0.00636,0.00102,0,0.00132,0.00208,0.00302,0.002,0.0007,0.0015,0.00224,0.00674,0.00638,0.00734,0.00558,0.00528,0.0087,0.01732,0.0133,0.0171,0.02242,0.02846,0.0359,0.04522,0.05582,0.06738,0.07796,0.09366,0.1049,0.11896,0.1275,0.14256,0.15128,0.16124,0.17064,0.17994,0.18748,0.19486,0.20512,0.20988,0.21196,0.21892,0.22354,0.22662,0.2302,0.23448,0.23826,0.24284
0.008,0.0094167,0.0049167,0.0055167,0,0.017667,0.013883,0.018167,0.018283,0.024083,0.033783,0.041367,0.04705,0.059533,0.068267,0.0827,0.093467,0.1073,0.11097,0.11833,0.12303,0.12655,0.13698,0.14567,0.15365,0.16102,0.17058,0.18442,0.1903,0.20043,0.2049,0.21052,0.21557,0.22523,0.23512,0.2508,0.26743,0.2843,0.29828,0.3128,0.32825,0.34435,0.35423,0.3654,0.37658,0.38637,0.39462,0.40288
0.00036667,0.00175,0,0.002,0.00445,0.0096667,0.01275,0.01375,0.016783,0.02065,0.02705,0.03575,0.036167,0.042433,0.049133,0.056083,0.070383,0.086067,0.090183,0.10067,0.11173,0.12373,0.13687,0.1482,0.1585,0.16992,0.18098,0.19923,0.21052,0.22588,0.23847,0.2529,0.26595,0.28128,0.29577,0.31282,0.33247,0.33462,0.35003,0.36493,0.37695,0.3875,0.40073,0.41175,0.42365,0.43455,0.44253,0.4483
0.0040333,0.0039833,0.00081667,0,0.00225,0.0029,0.00415,0.0019167,0.011,0.0022667,0.0040167,0.0063667,0.0051167,0.0096,0.0065333,0.00645,0.010017,0.017467,0.014283,0.016983,0.0237,0.027767,0.03405,0.03925,0.045317,0.054283,0.061733,0.075167,0.0826,0.093267,0.098417,0.10782,0.1112,0.11905,0.1245,0.1331,0.13928,0.1466,0.16045,0.1669,0.17567,0.18705,0.19625,0.20518,0.21517,0.22517,0.23405,0.24137
0.00051667,0,0.00053333,0.004,0.0025,0.0189,0.019017,0.02715,0.0312,0.0413,0.05315,0.062233,0.072717,0.0864,0.096267,0.10753,0.11538,0.12805,0.13028,0.13488,0.13758,0.1375,0.13953,0.14088,0.14207,0.14325,0.14382,0.14952,0.1461,0.15028,0.14707,0.14862,0.14805,0.1471,0.14835,0.15003,0.15117,0.15287,0.15295,0.15458,0.15532,0.15637,0.156,0.15685,0.15605,0.1523,0.14458,0.14635
0.0031833,0.0027167,0.0012833,0,0.00043333,0.011917,0.00915,0.013417,0.013367,0.018717,0.028317,0.034667,0.045917,0.058417,0.06895,0.087,0.10992,0.13223,0.1392,0.15207,0.16405,0.1729,0.1813,0.1885,0.19642,0.20645,0.21457,0.22975,0.24157,0.2529,0.26195,0.27422,0.28155,0.29215,0.29832,0.30685,0.31655,0.32655,0.33353,0.34047,0.34773,0.3559,0.36268,0.3681,0.37317,0.38103,0.38532,0.38922
0.0025,0.00354,0,0.00152,0.00344,0.00666,0.0095,0.01292,0.02042,0.01662,0.02036,0.02532,0.02996,0.0381,0.04122,0.04686,0.05892,0.07188,0.07686,0.08832,0.1051,0.12422,0.1426,0.16684,0.20076,0.22976,0.25864,0.29228,0.32098,0.35574,0.38572,0.4179,0.44462,0.46964,0.49392,0.51176,0.52898,0.542,0.5548,0.5655,0.5705,0.58434,0.58722,0.59002,0.5967,0.59608,0.60062,0.59788
